Item,Rate
space-science-pack,0.0
nv-center,-0.8562438171680169
pi-josephson-junction,-4.999998272535122
quantum-dots,-19.061167676825736
quantum-vortex-storage-system,-4.999905712968112
var-josephson-junction,-4.976330764504043
milfe,-6.325406513237264
mechanical-parts-04,-5.133821915797
metastable-quasicrystal,-45.529944709528365
pu-238,15213617.358490465
sc-engine,-35.06184332620671
destabilized-toxirus,-5.0
strangelets,-33.2845142235473
intelligent-unit,-29.70183875750851
liquid-helium,-4958.319035614572
vacuum,-37743.14382401938
diamond,-31.06512962303608
mqdc,-4.143757880402869
paramagnetic-material,-16.630119745658565
parametric-oscilator,-4.146473678816448
diamagnetic-material,-19.055993054130944
harmonic-absorber,-5.550502643064184
th-oxide,-4.915262946309523
conductive-sheet,-0.3627508121349303
time-crystal,0.0013432003181787144
phosphate-glass,-1.8699682909780073
cooling-system,-3.4450388126619504
superconductor,0.0025375907699318333
carbon-nanotube,-3.4810928700729566
heavy-fermion,-0.0336216868860944
nano-wires,-3.3039514090512156
colloidal-silica,4.284342714697128
silicon-wafer,-2.1189008968224696
phosphine-gas,-11.160152861452504
boric-acid,-898244590.225487
etching,-43.065238950836594
bose-einstein-superfluid,-9.347378920792452e-05
biopolymer,-17.259716882511395
volumetric-capacitor,0.0035728482010366925
photonic-crystal,-3.581093859297019
cf,-20.981853633297316
graphene-roll,-3.868260474929705
crco-alloy,-0.05534789891868164
nanocrystaline-core,-0.1948707329291221
nxag-matrix,-0.09467690958580559
niobium-plate,-5.473517948912791
gd-metal,-0.024000854718542915
iron-nanoparticles,3.515961314241032e-05
advanced-circuit,-2.882153715835375
aramid,-4.429718830320669
ethanol,-55.0444520668284
nano-mesh,-5.996135046036738
mechanical-parts-03,-20.04387858943267
nxzngd,0.08054082555229526
brake-mk04,5.1360683198719475
electronics-mk04,-0.00054546825752758
gearbox-mk04,-0.0009617151751816135
hydraulic-system-mk02,-0.001103043413647544
shaft-mk04,-0.0010865764927165866
utility-box-mk04,0.0005092604210521823
steel-plate,-26.44452504463392
grease,-9087197.760747617
pbsb-alloy,-1.0862621677204818
mositial-nx,-19.564828306639825
photon-deposited-quartz,0.026464845453009474
quasicrystal,0.00021926855739932196
denatured-seismite,95.48082913896658
simik-scales,0.002666880246455292
u-237,0.5120152942771293
neutron,-1024.415499133331
u-238,-512.5846596405705
optical-fiber,-2.3766798173877164
air-duct,0.18555923078879727
cryocooler,0.00012015448612573822
cryostat,0.1175870393131297
fan,0.007592197835811936
magnetic-ring,-0.012500102622718733
rotor-m,0.0006736518577047569
sc-stator,4.2178743388789675e-09
small-parts-03,-141.40412592075396
super-steel,-1.732850721644568
caged-antelope,0.023561210096686772
bones,2800142.9167277766
meat,-12068039.27383071
skin,21170245.81102916
mukmoux-fat,6519699.600796724
guts,17560760.754086975
brain,2042705.6908674003
cage-antelope,0.7866789065380058
blood,110850.57223333682
quantum-battery,-0.3100221004232368
photonic-chip,0.20532775759828686
biofet,-0.38145873912406525
processing-unit,-302.8638440110107
csle-diode,-0.15490276985161247
fault-current-inductor,-0.15492574516959234
kondo-processor,-0.1549266077376161
nanochip,-0.3155876425956542
paradiamatic-resistor,-0.15779303701323086
pcb4,-0.13953171444803156
supercapacitor,-3.1597440690228664
solder,-1.0879697900392462
helium,8693027.163261529
water,-16060524.46046552
gasoline,-11052194.777252384
steam,-36428079.10417981
graphite,15.43543666946572
proton-donor,83.90455554507913
crystallographic-substrate,125780.50015846071
quantum-well,1.3453072801520354e-06
eg-si,-1141.5762157773268
gaas,-0.0004532949187123869
sb-oxide,-67.16210181553393
alag-grid,8.86130802934635e-07
ingaas,0.0004319407701327638
ingap,-0.00039928586465918896
clean-glass-sheet,0.001942042127547048
heavy-n,-0.25505205708537754
processor-core,2.3985239053436427e-05
supercapacitor-shell,0.012314635778104873
chromium,-428589.2146763032
iron-oxide,1620.2121898535672
myoglobin,-0.0021369603220545556
nylon,-4.344205579879151
aluminium-plate,-1096.7456489165404
lens,-10.80035439317316
control-unit,-121.0718393736275
nanofibrils,-0.8552373225677697
yag-laser-module,-0.010566079166933804
lithium-niobate,-1.818674227730209
re-magnet,-6.651313054793045
rayon,-3.3638956672570757
pyrolytic-carbon,-2.5343914352345607
lead-plate,-124.6394652859179
copper-plate,-1448.1376797780501
super-alloy,-820.9481760854201
negasium,36260.16772839589
zno-nanoparticles,-4.387748773137728
aerogel,-3.9351054488492023
hyperelastic-material,-7.030252735674524
filtration-media,-11644004.865335828
flask,-22575.189437233945
th-oxalate,-0.8971385160929564
ammonia,-13089.92088934844
dirty-water-light,-27504537.803381424
nexelit-plate,-7386203.247828225
silver-plate,-5.644510917840042
phosphate-rock,-26.621808671809642
crushed-quartz,-0.45257583257095035
sodium-sulfate,-0.07255002082520959
acetylene,-90.90278617720618
kevlar,-4.463668142308677
science-coating,-53.84637827983362
chitosan,-5.034113358694443
nylon-parts,-0.09246850334427123
small-parts-02,-258.0411948275452
duralumin,-8465.80339599818
stainless-steel,-6436.63896909057
sulfuric-acid,-3608304.001319866
liquid-nitrogen,-25917203.79731099
biobattery,-0.08896018607248374
agzn-alloy,-1.057653172366428
sc-substrate,-0.0030516681872395004
gold-plate,-19.72743262222196
nbti-alloy,-201.03843194350532
vanadium-oxide,234.4419611880308
nenbit-matrix,-0.7748615126119053
carbon-dust,-3.8231264067916717
methane,-34133.564295654185
sand-casting,-7.685078364556188
reo,-12.59129631882624
fuelrod-mk01,-554574.8609155329
sc-wire,-19.831737517501857
silicon,-9.98753024925923
sulfur,10769469.249470504
silica-powder,-12.096361177966575
plastic-bar,-3015.78129518141
flue-gas,4569778.60566077
wood,-516230.99493332696
phosphorous-acid,1697.115243873478
phosphoric-acid,36301.74052083347
hydrofluoric-acid,-4550.4745001357605
diborane,-0.20628847203945852
hydrogen-peroxide,-1369352.476959932
sc-unit,-0.012081083570520295
deuterium,-6.567741352692619
silver-foam,0.35890449153155707
sporopollenin,-1.0392658854053078
urea,-3898193.2620191863
bacteria-2,-8047069.667914493
fish-oil,319591535.9089294
lithium-chloride,-0.02143448727793348
glass,-1724.5862039233036
animal-reflectors,-2.9021551056536837e-06
inverse-opal,0.0002862934770282758
dry-cf,62.22573549488776
epoxy,-3.5887973561635977
biofilm,0.01674530884197042
graphene-sheet,-0.002577661397599397
borax,-54.29789079896099
cobalt-nx,-0.14294241318056738
petroleum-gas,-581595.4789725608
hot-air,-54514482.65419262
boron,0.9999034116688629
iron-plate,-3026.4922948620615
nexelit-matrix,-0.050426313967519294
niobium-oxide,0.7470362114031499
salt,-835428.3554310725
cobalt-extract,2.59071714991209
gd-oxide,0.012944675826596959
lead-container,0.0010917778568509456
dodecylamine,-3.431944423482883e-05
battery-mk01,2.5104281975525415
electronic-circuit,-561.7401004250873
diode,0.0006216566365815769
microchip,11.812656345341104
resistor2,-0.006205210313384339
transistor,0.22056149134399625
capacitor2,-0.018453871179857945
inductor2,-0.0009947475192517764
mosfet,-0.0017888755267929039
pcb2,0.02135594687798023
molybdenum-plate,-219396.81927530456
titanium-plate,-6743.027390946682
sodium-hydroxide,-24506377.68701459
tpa,-2.4775152602234414
arqad-honey,-569.2726408100579
manure-bacteria,14.4094174968593
rpc-mesh,-0.0015340476237738231
core-shell,-1.9545160689722254
keratin,-263278.35757768294
acrylic,-4.0246056104281145
mechanical-parts-02,-0.046614358615798594
brake-mk03,-5.137150939027336
electronics-mk03,-1.0593153920680809e-07
gearbox-mk03,-0.00012046045403533585
hydraulic-system-mk01,-2.175890156089372e-05
shaft-mk03,-0.0005072469865734205
utility-box-mk03,0.033654175556556205
lubricant,489304.023322257
molten-nxzngd,-4.096958029512638
low-density-structure,-55.466083145726536
nxsb-alloy,-120.35274504142886
nbalti,-46.81308244678106
ceramic,-257.2948502654307
alag-alloy,-5.471399065072982
eva,-0.005839765892323031
neuromorphic-chip,-105.15359465624188
inductor3,-0.011094718763750254
boron-carbide,-0.04324065780308425
lithium,-0.2718774984006942
belt,-0.08530663237123594
py-check-valve,-0.00019582092237565665
pump,0.519929506816355
iron-stick,-0.415690961904054
rubber,0.28497781831976304
crmoni,0.014200146093311206
mold,-0.13792326747210035
molten-steel,14.248669202570492
sncr-alloy,-254155.7482861817
low-distillate,-3.4193377775627076
crude-oil-barrel,-0.03130430836458864
bio-ore,-0.0003811521697461139
bio-sample,-1507822.3971343143
ore-lead,-130625.75286513059
pressured-air,-58116475.110624105
sl-01-barrel,0.015265979210664346
lead-acetate,0.02289190723548514
bio-oil-barrel,0.007761697228172359
hot-air-barrel,2891253.1880444926
flo,-1.050969894367768
rhodamine-b,-0.026686304183771225
allylamine,-1.248936610611347
high-grade-quartz-pulp,-14.05956678546248
lfo,1.0010344465896341
metallic-glass,-1.2304148654771425
bio-sample01,0.16422662275619254
lithium-hydroxide,-0.09910068685296104
hyaline,-0.000362103531311308
cdna,-9054442.218194483
zymogens,0.03439230808251126
dhilmos-egg,752.435483997045
xeno-egg,-395.50877377765
cottongut,-3978990.3891532985
adrenal-cortex,-138.60620272559282
mutant-enzymes,-21414.723504791837
formic-acid,-56410.67486811412
skin-caged-simik,0.09159092258014326
cage,3858888.5976334414
pu-239,2536401.2996593392
blanket,-0.00014501773675693622
divertor,0.004109806656850805
wall-shield,-99.61313363011303
antimatter,0.0005323421568542274
photophore,-2.501903020547014
nbfe-coating,0.38007716802901664
niobium-pipe,-0.375215180535956
ernico,-0.00018389425637951846
vacuum-pump-mk01,-0.18267090153849497
czts-plate,0.17828088658980118
electric-engine-unit,-0.011577689673909056
small-parts-01,-1050.4688431549005
ybco-monocrystal,-0.0006766746493748535
hts-coil,0.053547863184900485
glass-fiber,-2.1693622353284927
molten-super-steel,-5.117595557631863
water-barrel,-26605581.84868884
nano-cellulose,-138.76443184132154
antiviral,-8551.815348351623
gh,-48594.14204384535
sea-sponge,2283543.531091259
rennea,-221426.36384259246
tuuphra-seeds,-3.1482691993117515
navens,11977829.988748346
seaweed,-18727435.78058832
fine-nexelit-powder,-131.54998182879788
barrel,26899307.95737772
used-quantum-battery,2.993801780831464
anti-reflex-glass,-0.7261376316083159
fbg,-0.7262314036153825
fdtd,-0.363121681687241
transparent-anode,0.4336074121164727
aptes,-0.016609426309136102
bioreceptor,-0.01639700809532819
pvp,-0.012777302639263742
dynemicin,-0.015911583895475045
pdms,-0.010401062315918096
p-dope,-42.1867830416898
tin-plate,-2383.580767742603
oxygen,-17113374.57035834
capacitor3,0.0006564366822982095
diode3,0.000344592890359841
pcb3-2,-0.012205046392851894
processor,-2.592682226662058e-06
resistor3,0.000107211034238426
kondo-core,1.3689227951575806e-07
kondo-substrate,0.00010821004565514703
heavy-p-type,0.08518508998495722
light-n,-37.453383330017736
nichrome,-0.20461302927928787
cermet,-21.003719647783818
msa,-843066774.7970492
supercapacitor-core,0.04737661873637883
molten-solder,-5.853845245911457e-06
ash,-12485416.642283851
soil,-10927609.751633149
biomass,-45619004.778152555
fertilizer,-3221008.968215231
ralesia-seeds,-3443233.380754121
syngas,-18664545.665055513
hydrogen,-183248223.0108299
ralesia,-2941530.9343173252
crystalized-sodium-aluminate,-0.0003775249835815993
high-grade-alumina,-0.008783025836558152
olefin,16247228.052611044
light-oil,-27643372.43329364
neutra-lope,3.663258284087073
pos-tilope,-0.015599856074110584
anti-lope,-1.8261127550334553
antelope,-1.8215456729795072
washed-diamond,-0.00025999089401057736
kimberlite-residue,0.0358334380995251
zogna-bacteria-barrel,-0.29633675658604025
tendon,-0.036715914392841005
ore-chromium,-0.00037021299816177505
gold-concentrate,48630.15278552138
bacteria-1-barrel,0.00033152694277029104
collagen,-12861019.665159492
diesel,3.1487604561264604
nickel-plate,1514.292279705153
sub-denier-microfiber,-3.5009653206578686
chlorine,-24907875.100445352
coke,-4986907.17590733
limestone,-810837.5469318497
iron-ore,10847446.182840377
helium3,0.005947830914819115
proton,0.0017054647769161344
u-235,0.006905332261580722
drill-head,12385.392125000353
pressured-water,-148981191.1184253
carbon-dioxide,16573228.957495531
hmas,-242410.83834427944
bhoddos,2959403.275662031
pressured-steam,3097207.2481954684
chelator,-34982616.63652562
ur-biomass,1378003.5389863418
small-lamp,-6574470.859451313
programmable-speaker,-16031.568836505545
bedding,-10667594.857130758
energy-drink,-14.429204165755493
phadai-food-01,-42.45702561453474
phadai-food-02,-6.676683939260243
phadai,-79.5121245889563
fawogae,30213323.477495626
carapace,70.3958160304462
used-phadai,70.20894362503081
ti-n,-7.105713334423953
zinc-nanocompound,-0.019801450769459664
pure-trichlorosilane,-145.0671005530444
hydrogen-chloride,1981.3941569087042
arsenic,0.011701069308578673
sb-phosphate-2,-0.6517512323741684
purex-concentrate-1,134612.82628944915
silver-nitrate,0.00019711939566357357
polished-glass-surface,-0.003373385989074201
sb-pulp-02,-0.33167363591558574
fiberboard,-1292.4534664886662
chromite-sand,13.194652657170447
hardener,0.033102944016357015
cerium-oxide,0.6642685365030618
polishing-wheel,30.86991839649002
py-sawblade-module-mk03,0.150745100539218
molten-super-steel-p2,1.2289189166497256
py-sawblade-module-mk04,3.5690074428710244e-05
powdered-phosphate-rock,-168.72026028667148
cyanic-acid,-78.38315731721097
phenol,-325.74071470729757
blood-meal,-343452.7330579816
molten-aluminium,-0.873787611089057
boron-trioxide,-3.434890514198356
molten-glass,198.97304306204214
nexelit-cartridge,0.01868907329987295
fuelrod-mk02,-0.00047251258318419496
xyhiphoe-cub,-19581.678933258423
chloroethanol,-40174.799592876305
dried-biomass,-0.5010558799905546
waste-water,-156775727.9607728
erbium,0.002163744090736071
cobalt-fluoride,-0.16246789145687235
laser-module,-53.35448720665432
vanabins-barrel,-0.31678275021114644
niobium-ore,17654480.57845808
niobium-concentrate,0.00912945293361113
depolymerized-organics-barrel,0.15839117008474318
ndfeb-powder,-0.03129859284357784
fiber,-222.24064244587044
sodium-carbonate,-0.07000794448040562
carbon-sulfide,-3.1042996670074006
molten-lead,1.331851649012896
molten-copper,108.27211891431122
molybdenum-oxide,8.44161642325298
cobalt-oxide,-1.857517904052369
enzyme-pks,-33.3254203625986
alien-sample-03,-1310456.1087944615
kicalk-seeds,-2341183.256072921
arthropod-blood,92847417.21759903
nonconductive-phazogen,21783.82070283334
paragen,50715.34503486656
solidified-sarcorus,65210.89593430881
zinc-nanocomplex,-8.726953603618519e-05
soaked-gel,634.9161237945438
bonemeal,1455689.3612179921
resilin,-0.015930811807937525
gravel,35526818.66997951
pure-sand,-38811582.682150714
active-carbon,-2169154.2747799195
cellulose,210.691295393312
stopper,-4.2740321953016345
purified-quartz,-3.8694429744746524
refsyngas,69190970.64376594
ammonium-oxalate,0.06356693294152
th-dust,-0.0008412213743448564
nitrogen,124186952.43576697
molten-nexelit,0.03102093458485893
sl-01,-892.3260714722029
sand,-3792836.3945487747
sodium-bisulfate,11.584151148130122
calcium-carbide,0.01000629084622056
slacked-lime,-1631161.5974618678
ppd,0.24394782337870388
dms,-684282.8319376748
industrial-solvent,-7911.525177825925
zinc-acetate,10.134509151509386
chitin,647531.3712912846
empty-petri-dish,-3.3087093003161767
bolts,-181.65113066663412
molten-stainless-steel,-111.78341715649381
high-tin-concentrate,0.34567412709178524
oleochemicals,-18149000.17502445
kerosene,-195047.00851890774
tin-pulp-02,-0.3170488995407321
bacteria-1,-1.8357573989470048
ore-zinc,3.814047092311071
concentrated-zinc,-0.9490898406296402
zinc-waste-barrel,0.0005144136664853919
purified-gold,-0.004282494423703122
molten-titanium,1756.1337455052103
niobium-complex,-40.633558936206484
vpulp5,-10.063692922789313
vpulp-precip,10.141613568021096
btx,-444.02009294841724
creosote,-1.4363328108926736
ree-concentrate,30.986431217119335
coal,1796292.282942204
sodium-silicate,0.33113716013001915
benzene,-48654383.60046343
ethylene,21.633945906040488
sponge-iron,0.15624518021587203
log,2.22512505963037
boron-mixture,-0.00015425002520312874
poison-capsule,-0.043182710811037216
stone-wall,-0.008635898555947227
caged-xeno,-12755.266660875983
anthraquinone,-19.954929063338657
deposited-core,0.0003873498705484194
tholins,-44714386.14081687
high-grade-silver,0.0006735049216200791
bhoddos-spore,-4631893.979965286
navens-spore,238651825.14595175
raw-fiber,-10230879.92327537
ground-sample01,-19249.43084121347
petri-dish,-0.9055308369973281
fish-food-01,-156241.07525422538
fish-food-02,-32152.061199087184
fish,-15137989.201413684
phytoplankton,-185093418.40113616
fish-egg,-2690234.643713724
fishmeal,-1058373.073756955
fish-hydrolysate,-8553391.913155144
fish-emulsion,-6016181.601105638
lab-instrument,-43.05311814366654
arqad-jelly-barrel,-1.1161642815363315
animal-eye,8.627545670403938e-05
purine-analogues,0.17078317248673583
arqad-propolis,-2.177980648605417
organic-solvent,31885403.106666125
cf2,-62.17024894586563
resorcinol,-0.0014067460776693665
methanal,171.14985873013694
ech,-3.105578732380539
lime,-970807.935006792
fawogae-substrate,-5154631.524746951
pdms-graphene,0.00016068946710046038
raw-borax,-0.26587530793148356
pressured-hydrogen,-397.60665229094843
hot-stone-brick,-1156507.3536266787
stone-brick,-8482.932525949467
proton-receiver,-1677356.8949683434
molten-iron,-180.0706583470721
nexelit-ore,27725.3536627936
b2o3-dust,-0.0001286860218112863
nexelit-pulp-02-barrel,8.200833201312415e-07
nisi,0.032240354559199685
impure-gd,-0.013058474891058566
aromatics,25344305.63442492
dodecanoic-acid,3.489849885747039e-05
melamine,-0.12406721223359268
zinc-plate,89.04027156631513
capacitor1,0.24529779907010069
inductor1,-9.861561474003109
resistor1,0.9281655740017678
pcb1,0.0030737182696383264
vacuum-tube,-2.325226795388689e-06
mukmoux-food-01,-37729.90060371422
mukmoux-food-02,-14780.384908551805
mukmoux-calf,-45474.06129335688
fetal-serum,-394368332.82984996
fecr-alloy,-2.4454931276303797e-05
melamine-resin,-0.2116866416965705
tinned-cable,-60.003660393388955
al-pulp-01,-77728.16300764374
ferrite,-0.005032615737298123
sic,-0.03166151704771058
phenolicboard,-0.035515453166562815
yotoi-fruit,340.41716797809045
honeycomb,-66.76437636162824
empty-honeycomb,-0.007523038257365541
agar,55.438501176414576
manure,191049.61929854532
pre-fiber-3,0.0102067205433657
plasmonic-core,0.00016145178195964063
fluorophore,2.4033824244418627e-05
dieletric-layer,0.004479254350797926
caged-simik,-42.536595521329765
simik-blood,-358785.95411072404
methyl-acrylate,-0.0517738495546975
acrylonitrile,0.015704402908341825
natural-gas,-18285004.49606685
acetone,-506.75590989653847
mechanical-parts-01,-7.435293145507637
brake-mk02,0.0006637762631500184
controler-mk02,5.492249916527753e-06
electronics-mk02,-9.95443454493993e-08
gearbox-mk02,0.00024412207591026588
shaft-mk02,-0.00016875629716494082
utility-box-mk02,-0.035271510227716844
heavy-oil,-23502.335365985527
cyanoacrylate,0.00228632831472105
pcb3,0.015099137303347622
tin-pulp-01,10.393696073397699
tin-concentrate,0.8116122231015857
crucible,-9.917706698353947e-06
molten-zinc,-308.836821649496
fiberglass,-7.098724116505023
clay,-13635819.565350315
molten-silver,5.482806827621415
vinyl-acetate,1.602258630330852
empty-neuromorphic-chip,-0.024692796580403027
high-flux-core,0.6489025068510363
pipe,-1589.7054161223841
engine-unit,-0.47443154083740285
latex,-0.38197194672236495
carbon-black,2.725159302766429
polybutadiene,-2.9932448643763414
styrene,-1.0424452990448991
green-sic,-0.00657520480203423
wax,-2657.4581220351174
molten-tin,-0.26451597116600944
molten-chromium,420.35817902893854
crude-oil,-2244426.825629713
condensates,2008265.2035187131
high-distillate,-37475.14683032563
medium-distillate,-76.51935013529221
residual-mixture,-33692.48885566412
ore-nickel,11503578.47405261
nickel-carbonyl-barrel,2.084124376753275e-07
nickel-pulp-03-barrel,3.126186565129912e-07
native-flora,-61830.38270413259
bio-container,-0.16171493057975111
purest-nitrogen-gas,-111286576.0655493
perylene,-61.1580882468918
cumene,-0.5555571188370003
3-diethylaminophenol,0.5514651818241308
phthalic-anhydride,-0.00022279116323142687
propene,87442.90551841336
dcm,-63615996.04188852
petri-dish-bacteria,-0.11983385878985822
coated-container,-0.0004807245379704093
lithium-carbonate,-0.008763602428728715
fatty-acids,100.8459340419284
moss-gen,-30.92462961473824
plasmids,-2041.49907052501
retrovirus,-8206.408190659697
pacifastin,-0.03669501197265637
microcin-j25,-213.57293863404925
zungror-cocoon,21432107.951116458
dhilmos-food-02,-341.246770561646
water-saline,1182007.1964792125
caged-ulric,-2.2710294083000515
caged-mukmoux,-3971872.7454442563
xeno,-65.31706687209656
cottongut-food-01,-0.9175232198178285
cottongut-food-02,-0.004872150610264123
cottongut-food-03,-0.5926551960097013
cottongut-pup,-6.571049034303224
grod-seeds,2.0951162016210176
moondrop,4549993.525346604
bio-scafold,-1571251.7256716592
immunosupressants,-55351.89369412231
psc,-115899668.75829254
propeptides,-0.0034513564976670894
cbp,-0.00829780290726842
chimeric-proteins,-0.00015088254801750287
formamide,-9.257720318469326
reca,0.005150709130481865
blanket-chassi,4.278033858782108e-08
superconductor-servomechanims,-0.27732672136265724
trits,-7747521.562204722
kevlar-coating,0.1777985839876356
nbfe-alloy,0.24639245272215202
cobalt-sulfate-02,-0.24928951688214482
molten-nickel,233.47898207295077
czts-slab,-1.4074220991415656
diamond-wire,-0.24826275581771015
rotor,0.007421249973129702
stator,0.00011959419499015757
shell,6.4898855489531915
nanocarrier,-0.0005191419161930771
alien-enzymes,-8.008540539915165
cysteine,-4.243504325434098
mmp,-4.242266838648529
yotoi-leaves,-2413.4193564152115
zogna-bacteria,-6151952.882018962
bee-venom,10.656801506624873
pineal-gland,0.05432347100181183
alien-sample01,-455202.008576053
earth-sea-sponge-sample,0.06199679328677471
sea-sponge-codex,-0.050976784409115065
tuuphra,-1079374.9160153845
fungal-substrate-03,-89087.20383443899
iron-ore-dust,-0.26215561186316444
grade-3-nexelit,0.11816228225138364
dbr,-29.59613010506515
micro-cavity-core,-2.9863841306447663
cladded-core,0.0012643281988141634
prepared-glass,-0.029137395515257975
dieletric-mirror,3.5574277446511786
crude-top-layer,-1.5911055300037906
tio2,-2.369131643077436
phenothiazine,-4.806537012307772e-05
triethoxysilane,0.0006945841288283545
perovskite-nickelate,-6.504964295756972e-05
numal-ink,8030931.307798254
gbl,-0.0037695290596027557
zinc-finger-proteins,-1398766.9350831194
dimethyldichlorosilane,-0.14304992162892313
capacitor-core,0.00029604763247227016
capacitor-termination,0.00010542831077985202
diode-core,0.024874737135946418
molybdenum-sulfide,-8.435509051682455
cold-clean-air,-507780.70672407665
crude-cermet,-0.00045288877197141976
pesticide-mk01,-25166.235320170457
pesticide-mk02,-49.42997318694376
cadaveric-arum-seeds,0.8370856269851698
stone-wool,-989347.1641553438
coal-gas,22153.06724810237
acidgas,51718704.97084912
cadaveric-arum,-2.7307942127476865
sodium-chlorate,-33.54478333126166
carbon-aerogel,2.972242613847579
tar,-42667005.01052628
pyrite,-2.966463037353576
coal-pulp-03,-89.04844352032084
dirty-water-heavy,-105132602.73235147
coal-pulp-04,-14543925.342710821
stone,-5747092.452302214
intermetallics,-1.9247798151471618
auog-paddock-mk01,-7.970088763981637
auog-paddock-mk03,-0.08201552336144988
nems,-1.0270714351762111
auog-paddock-mk04,0.12264841378479313
oil-sand,1.7062476591185798
rare-earth-ore,-569.5774469562078
paper-towel,-0.015840328226292895
coalbed-gas,-11530970.330396043
anolyte-barrel,-6.068919220982945e-07
mother-liquor-barrel,-0.006912699515350019
ore-aluminium,40512228.352511466
py-aluminium,7.282703065179532e-06
r1-barrel,0.0017283266018180293
r2-barrel,0.0017289334937401275
r4-barrel,6.068919220982945e-07
stripped-distillate,-0.9333575064896923
residual-oil,7812.989696381996
processed-rejects,-9.54062821465568
monocrystalline-plate,0.11710890095702102
gas-bladder,-135.8678398753493
b-molasse,-7.135022222170407e-06
starch,3824.3426844954292
uf6,8674.101934777149
quartz-tube,-0.21694971703952923
mukmoux,30398.178854242153
artificial-blood,-9107505.415924154
ticocr-alloy,-3.9749084078873054
high-purified-sb,9.33417666334611e-05
1d-photonic-crystal,-0.5188842425285758
micro-fiber,32.338482276311865
coal-dust,8482.623842716155
aniline,-5.400387159232933
dirty-syngas,8.05810036993129
soot,232730.6132480504
purified-syngas,-1.3916253800878975
liquid-manure,-13426.025060789434
bisphenol-a,-0.0025521632099136772
warmer-stone-brick,1156500.410778001
mixed-ores,0.05328028671167569
battery-mk00,0.0010800410896127145
advanced-substrate,0.028412976046444643
cresylic-acid,-0.9496557918423479
z3-reagent,13.580129100823124
cridren,0.0004811475137817615
laser-turret,-0.0059528614437315336
iron-gear-wheel,0.01278870468098625
copper-cable,-1705.5007224888795
alien-sample-02,-200134.48498674546
earth-shroom-sample,-67756.34309529702
navens-codex,-58125.71526348606
vonix-codex,-0.00831422994505419
raw-coal,254689.39021204447
rich-clay,-3597663.7437138944
carbolic-oil,5076.154135409347
grade-1-zinc,-7308790.812287582
guar-seeds,-167785.3067734499
yotoi-seeds,-143835.50759540574
yotoi,2070827.69982759
naphtha,-13696445.932256192
crude-diamond,670161.787813223
acetic-acid,-1116.696553949897
acrolein,-9.667003232402964
ticl4,1.818029169572374
phytoplankton-barrel,-181.9792161934044
saps,-88847.56909859626
redhot-coke,-240.6387048586751
xyhiphoe,31719.994012179453
self-assembly-monolayer,-41.99092932094043
auog-paddock-mk02,8.312880776639666
coarse,37833.111344212826
sugar,-3.33457081883621
xenogenic-cells,30994.268098697117
lignin,-0.03076337839388425
magnetic-beads,7.039310925429204
fungal-substrate-02,-1021386.8403816426
moss,-394.863087785041
plutonium-oxide,1048.411343930333
geothermal-water,-34529541.88003252
ns-material,1.7436536479958513
vrauks-paddock-mk02,0.00029623246677094536
vrauks-paddock-mk03,-0.013826767496315768
syrup-01,-0.6016880529847995
casein,-0.7472987063146531
rennea-seeds,0.008826099964931987
guar-gum,-956.7523016354781
phadai-pup,1.258003262395787
fawogae-spore,-5211495.169951615
xeno-codex,-1929.3788202398744
fawogae-mk03,-5028.317035268361
fawogae-mk04,2937810.664721686
ralesia-extract,-0.0588207007813242
trichlorosilane,0.5851275129245668
copper-ore,-8246064.769284936
antimonium-ore,-340.2757479739398
sb-hpo-pu,0.00047739643559133416
plutonium-peroxide,0.32612325426931704
ammonium-mixture,0.18201006862527408
sb-phosphate-3,0.32594932814637245
sb-pulp-01,0.0002650188640443529
dowfroth-250,-0.34806476440809925
sb-58-conc,0.3119941055678164
treated-wood,-0.23756075373343077
chromite-pulp-07,-0.08700681175574686
glycidylamine,-0.033899848740536274
organic-acid-anhydride,-64.49595534562417
oxalic-acid,-2.225117693630908
ammonium-chloride,-206089.54644975945
py-sawblade-module-mk02,-0.7546176731047101
molten-super-steel-p1,57.680713363967904
sintered-aluminium,0.003950448818822557
gd-stripped-solution-barrel,-0.04666103853407984
boric-acid-barrel,0.0006243912584655816
diborane-barrel,0.0006243912584655816
gd-crystal,0.0837298622959064
lithium-peroxide,-0.04271927199958505
high-grade-quartz,0.013019623158234659
saturated-nexelit-cartridge,-0.018691486228760504
am-243,-0.0006256452304175098
albumin,-508303.6039151184
ethylene-chlorohydrin,-6.9713046917571315
er-oxide,-0.0018792798363883364
ndfeb-alloy,0.0031829162687171896
grade-4-copper,0.024080585806415495
resveratrol,-1.9752333553725845
yaedols,-144351.23335067971
nickel-carbonyl,-132.30191583165566
dna-polymerase,0.027885461336448224
primers,0.0015927539285166047
arthurian-egg,9630598.715860069
phosphorous-acid-barrel,-73.07967735888576
kicalk,7305751.649488575
tailings-dust,-31745.482759758466
fungicide,0.02988373598066472
guar,-0.06067904134263724
clean-rf-gel,-12.715095114073897
zinc-chloride,-0.004647480807243168
prepared-quartz,-0.7170271979052899
stripped-th,0.16762764039659303
high-grade-nexelit,0.018873566152084825
lead-refined-dust-03,316.9494692627819
rare-earth-dust,-1638.2140593794174
rich-dust,5712.491069730379
rare-earth-mud,25.40642810731175
nitrobenzene,-1.200461114465459
soda-ash,-80.18074440523051
arqad-jelly,-0.1293992013998534
serine,-1.1432715832361031
gold-solution,575.02595254168
ti-enriched-dust,-0.7049103095662591
vpulp4,-0.06249982184998512
middle-oil,-4949.084028819072
anthracene-oil,-8986.155375829683
pitch,1.0017738226701323
ree-solution,-142.17453067097426
wood-seedling,91.99905524807495
magnetic-core,-0.6494302552665083
filled-tholins-vessel,-0.5697034056542631
empty-proto-tholins-vessel,0.5697034056542631
bhoddos-spore-mk02,3.1231849149512016e-06
phosphorus-tricloride,-4165.935940838496
dried-meat,-1896.256191798237
kerogen,2.1217827758205967
outlet-gas-04,23.57466900312893
equipment-chassi,-0.0124338229717759
oleochemicals-barrel,-0.0011971748808847192
kmauts-ration,0.0009304180436134535
kmauts-cub,8.95898273937816e-05
naphtha-barrel,-0.0013778730612356957
wax-barrel,0.4561640450590928
cf1,-0.05244367483384395
molybdenum-ore,-46506509.70047578
glycerol,103366221.54614606
nic-core,0.12223154194977903
processed-iron-ore,-8.724921363326633
crystalized-gd,0.019421307421479354
clean-organic-pulp,1.4379887622771534
formica,-0.006121212528560521
powdered-aluminium,-0.19595075410355808
lacquer-resin,-0.0014842515562096272
bakelite,-0.022137621510651902
arthurian,6.033967044935644
arthurian-pup,-9.026129027259534
blood-barrel,0.015180293231121864
wood-seeds,-12178524.49046366
guhcl,0.002910835632125609
hfip,-0.00022448645566866424
pre-fiber-2,59.59737214056756
polycrystalline-slab,-0.04792078214243422
metallic-core,0.0009589311101437315
silica-shell,-0.00015834336335686334
lithium-niobate-nano,-0.004394586532994937
methanol,29157615.364798818
concrete,964510.6853371691
explosives,-1554.9294732604924
drilling-fluid-3,2.632816374768425e-05
brake-mk01,-0.32303210733192833
controler-mk01,-0.3369032517886775
gearbox-mk01,-0.35127309651448957
shaft-mk01,-0.35813774858203906
utility-box-mk01,-0.35042294162238846
nexelit-battery,1.517087881394762e-05
cyanoacetate,-0.0003756630030381375
tin-slime-overflow,-11.039237027653385
grade-3-zinc,-1.2684367166651491
processed-fatty-acids,-3.9706255156615424
neuroprocessor,-0.015591543437899986
latex-slab,0.06507245885332982
powdered-quartz,-1.0188796863755818
tin-dust,-2.037994997743329
p2s5,-5.52634852302069
diethylaniline,-0.5515296190759941
chloromethane,-0.014413499646645886
r4,2.646728308983801
mother-liquor,-0.8086355537579243
cocoon,-1649189.8858291218
cytostatics,297.9682350444206
flavonoids,-1.185820287346559
barrel-milk,-14463254.189899504
vrauks,34.42322887383067
dhilmos,241.45168183201986
zungror,-10326675.28136937
empty-barrel-milk,14463254.189899504
drilling-fluid-0,5.54326125814042e-05
earth-generic-sample,-35.73576254790262
strorix-unknown-sample,-0.07470265926083014
subcritical-water,-47629.83717609754
grod,-1904705.2326822735
moondrop-seeds,-6451004.1183298305
sodium-alginate,-9537499.394908141
nitrogen-mustard,-16.007255358189745
dingrit-spike,10866.107816219908
gta,-212.20392329652617
sc-coil,7.464991256644301e-08
earth-cow-sample,-4.388790895631201
earth-crustacean-sample,-91060.59357482263
trits-codex,-0.008531355748846423
copper-coating,-0.5581119147823318
cobalt-sulfate,0.005672172229556249
nickel-pulp-02,-0.0014864978246277982
peptidase-m58,-0.0010914057431159398
venom-gland,221466.89981210374
fur,0.13893376734215324
burner-inserter,-0.11432964799269209
arqad,1327.8700556657275
automation-science-pack,-541.5395860330884
high-tin-mix,0.7090268059629525
high-grade-tin,0.0001313162999842026
grade-2-nexelit,-0.1192107258468928
cladding,-0.001322277362675543
glass-core,-0.0011747897675548579
stannous-chloride,0.001074216128675824
mirror-mk02,83.64816881445
pre-phenothiazine,2.1012574167293754
butanol,-0.01439942795506987
sb-silicate,-0.00014930097949025117
neodymium-nitrate,-803092.117485819
nickel-nitrate,0.0005596539127389923
aeroorgan,0.01042546527678286
sb-low-conc,50424.563859511116
sb-final-conc,-75.40195838885543
butynediol,0.0003947670612686006
adam42-gen,-110.95069779781313
re-tin,-0.005926928678580052
molybdenum-pulp,-3.9513304480339677
cold-air,0.0476483701501759
pre-pesticide-01,0.525875182412074
pre-pesticide-02,0.0008201642093572216
cadaveric-arum-mk04-seed-juice,0.01922796032620801
cadaveric-arum-seeds-mk04,4.1179767933475734e-07
sb-11-conc,1.0239629313863103
coal-under-pulp,0.11234017004759375
fenxsb-alloy,-0.01890265855830514
vitreloy,-0.07918273294326111
py-heat-exchanger,-0.03746994378908071
nanozymes,-0.03208958657344699
polycrystalline-plate,0.04169538674367898
pelt,21755.530969905885
sodium-aluminate,4.978981545162139
tritium,1.278758332283683
critical-steam,-32176112.081597872
low-grade-copper,-0.0005230286469546756
tall-oil,8995406.332477137
gd-mixture,0.0012530486619720142
gd-oxalate,1.0070416590905075e-06
clean-nexelit,3.8646184318762673
heavy-water,0.37603769515234586
warm-stone-brick,-0.7909078085077197
co-biomass,-22844968.797622588
nanochondria,-22.220796291417663
arthurian-codex,-0.03488368020444162
caged-scrondrix,-0.7072370114729971
brain-caged-scrondrix,0.0001218513686256979
ore-titanium,3679.598167026046
bitumen,8.39127048868717
dhilmos-food-01,-97.16768727590825
caged-vrauks,-25.531907346587428
sea-sponge-mk03,-0.0032460938566940558
sea-sponge-mk04,-3334.4037963150813
navens-spore-mk03,48.20485637443132
navens-mk03,-9.617882384249677
navens-mk04,3.665051709911459e-07
ore-tin,37492.17923768208
powdered-ralesia-seeds,-1263.4391114958248
scrude,1318455.975894279
vrauks-paddock-mk04,0.013831923313639447
caged-zungror,-0.012792202981658635
fawogae-mk02,125482.74811805728
crude-salt,-0.03401688217261709
hbr,-0.10763271675217873
reduced-aluminium,0.006600729598005877
lead-dust,0.0819616906372723
sintered-copper,-0.0004979228094074424
slz-pulp-02,35.787472479981275
kimberlite-grade2,127.82201820363998
kimberlite-grade3,-2097.3574427449325
pure-kimberlite-grade2,0.004471676495122642
molten-stainless-steel-p3,12.305032474876603
sintered-ti,-4.3911417829857555
refined-natural-gas,-1064799.1048580592
naphthalene-oil,-74044411.97190146
hot-molten-salt,21.080841764994762
molten-salt,-42.03930528072066
unslimed-iron,-312692.8334706513
used-comb,61.71337102923452
sintered-tin,3.71455718864363e-05
reduced-chromium,-2.8469486175695184
middle-processed-lard,-74.3288318041961
sea-sponge-mk02,68.94952700223493
nickel-pulp-01,-575.305415932096
grade-1-iron,14.748426008849341
cadaveric-arum-mk02-seed-juice,-0.00021578477657215416
cadaveric-arum-seeds-mk02,-0.03616334887774688
diamond-reject,0.05306734038219628
monocrystalline-slab,382.4338865236981
a-molasse,-12.32857474314106
yellow-cake,-432.1292627548932
fluorine-gas,-4230.528226301141
sb-conc,76.29429005458307
digested-rennea-seeds-mk04,-0.9217839260039092
abraded-rennea-seeds-mk04,1.2123535284353741
arthurian-food-01,-1699849.166115217
arthurian-food-02,-5.196028743853661
tbp,-1.9243064382363102
processed-ash,-0.013710060203417002
bio-oil,-8231787.639957307
ulric-cub,595822.8622333182
cridren-seeds,7.089350119305565
milk,-2.1274083759853393
wooden-chest,-0.000987548853839788
fawogae-codex,-9624.61661299881
arqad-maggot,-2.2244659243981486
condensed-distillate,-105831.40309653418
jig-grade3,-0.3794957875559005
high-grade-ti,0.47425981895124436
sap-tree-mk04,0.15232001326781192
saps-mk04,0.014831361199341472
sap-seeds-mk04,-0.66105981688023
coke-oven-gas,-289697.3092691303
ptcda,0.6113385129081006
sweet-syrup,4.501100267473195
fungal-substrate,-1970873.064791767
chlorinated-water,-92.37847589278302
vrauks-paddock-mk01,27.042332337860053
seeds-extract-01,7.94829676234208e-07
casein-pulp-02,0.039797451227829704
rennea-mk03,-0.003558516555302547
rennea-seeds-mk04,-0.18052804111419885
fawogae-spore-mk03,-106.17158311399774
al-biomass,22272674.715679068
fe-biomass,3900840.0583982775
raw-ralesia-extract,-0.13097401445016219
sb-phosphate-1,0.029812312327281352
sb-dust,0.00026734021399538546
ethylene-glycol,60150.03688482921
chromite-pulp-05,0.4388610222575744
py-sawblade-module-mk01,2.449243318919989
pu-242,22823463.527589403
impure-er-oxide,0.02284068904685008
grade-3-copper,0.002701027369749772
low-grade-rejects,-0.3342033017747788
nitrogen-barrel,-0.002571582042090337
yaedols-spores,8217.761576660827
alcl3,-0.0005978550262634728
rf-gel,-0.008941869191272187
quartz-pulp-02,-0.00155611037940859
re-pulp-04,-0.08381500461940983
nexelit-slurry,-0.4526351924408012
ag-biomass,12398.13844024197
rare-earth-powder,284.5090590495743
gold-precipitate-2,-4.350382287429366
powdered-ti,0.0007964293774373555
ti-rejects,135.59463163390424
pregnant-solution,28.30521992365832
ree-slurry,-12.528937376824828
uranium-ore,-112159.02657648682
geothermal-water-barrel,-113.97828421625792
coal-pulp-03-barrel,0.006910878839583724
gd-stripped-solution,-0.9710361396187984
organic-pulp,-2.1320461397714374
logistic-science-pack,-0.7171737766214805
chemical-science-pack,-0.1578318601220019
tree-mk01,9.327693419186428
wood-seeds-mk02,0.0012432371800676961
hexafluoroacetone,0.001597831728143083
libr,-0.48166226865024253
pre-fiber-1,-59.61993454243667
steel-chest,-0.0011126479359993599
sodium-citrate,-0.005260484064408509
chloroauric-acid,-0.07732451243473655
teos,0.011968373025260187
ammonium-nitrate,-7.859588185818843e-08
ore-quartz,-143.42432759546466
used-nexelit-battery,1.0137294337053897
tin-slime,0.08852937148234821
grade-2-zinc,7308790.80595327
creamy-latex,-7.528252543079972
grade-4-tin,-10.080816202642092
r3,121.74001060006553
vrauks-food-01,-0.9076512041985595
vrauks-food-02,-82.03842805063147
decalin,-8830.851612070182
korlex-food-01,-199155.44517806903
korlex-food-02,-278.0905265303096
bioartificial-guts,-34.4948474039722
biomimetic-skin,-34.494806300780475
in-vitro-meat,-34.49469235062858
laboratory-grown-brain,-34.49484318991369
scafold-free-bones,-34.49484740711183
tissue-engineered-fat,-34.49482146935352
dhilmos-codex,-0.0048718953929286855
earth-goat-sample,-5.217881490774691e-05
earth-spider-sample,-0.00010242652796261361
yaedols-codex,0.010675015376591629
zungror-codex,0.0009787754167106925
numal-codex,-0.0005483064068424771
numal,-0.7275753128779537
moondrop-mk02,2.272729715958474
moondrop-seeds-mk02,-2.269916010836673
flutec-pp6,-40465455.12565988
ethanolamine,-34336497.05636252
coil-core,-1.7324329845240749e-06
korlex-codex,-0.08278423332624935
korlex,1625.518640674394
xyhiphoe-codex,-36.52551283928808
zipir-food-02,-2107.0803093004124
zipir-eggs,2981020.0807679715
natural-gas-barrel,-629.4690877642361
arqad-egg-nest,-303.2209752312869
planter-box,-38.450360950601066
tin-pulp-03,-17.41523234671814
grade-1-nexelit,0.15662819980077008
nexelit-rejects,-0.2611911955196973
quartz-pulp-02-barrel,4.1500460017282546e-05
quartz-pulp-01-barrel,2.0750230008641273e-05
crude-mirror,-101.43192938628229
filtered-silicate-solution,4.399290850945289
guts-numal,-200773.06387937657
sb-pulp-03,-403167.91681069264
aerofloat-15,-100879.67492847935
sb-pulp-04,201524.0802298059
personal-laser-defense-equipment,-1.8750749580816873e-06
molybdenum-concentrate,0.010124918893898565
chloral,104.18686944208216
mcb,-0.5254156822364767
dda,0.029024154834195993
ethyl-mercaptan,0.013410740978593008
cadaveric-arum-mk04-a,0.00229214560774816
high-ash-fines,1995.9798692801742
coal-slime-overflow,0.09521928300802225
py-tank-7000,0.4984083289304283
automated-factory-mk01,-0.003160239759052109
mpa,-0.011947468678885966
zipir1,-1554905.45308804
grade-1-lead,26136.426084605184
grade-2-copper,4361.501056053849
vpulp2,-11773.470576878875
vpulp3,-23046647.552772652
outlet-gas-02,54516793.89726115
hydrogen-sulfide,-27291487.055395145
grade-3-ti,-5.449782815427699
hydrofluoric-acid-barrel,-0.7093204857978237
black-liquor,-1.5829870554953325
mova-pulp2,25.728053034593216
mova-pulp3,41.00238879482845
micro-mine-mk01,-27.034996527090794
ulric-food-02,-217643.17440500492
ulric,382818.01627796574
high-grade-copper,0.8163615578365188
niobium-powder,135.8141202178923
niobium-dust,0.38471431167703135
reduced-nexelit,-0.0004030929209984915
casein-solution,-8.795972859662628
sintered-iron,0.36672775761497783
sintered-zinc,0.0914877361324984
sintered-silver,-0.008047828460365412
sintered-chromium,2.973953081730043e-05
trits-pup,-255961.18732401563
grade-4-nickel,-0.030069518844162604
iron-concentrate,0.4379957992637896
iron-dust-concentrate,0.0012215322693168856
coal-pulp-02,0.006657600347818808
conditioned-fines,0.5889918395239749
caged-arthurian,-430.2195585888227
sap-tree-mk03,-1.3042646627180448
saps-mk03,0.003099087561940466
sap-seeds-mk03,0.009664251609201972
worm,0.03691982467211636
earth-potato-sample,0.00286933853567506
coal-slurry,-191.03887219311363
huzu,0.0003861622152922312
perfect-samples,-0.04573998104192671
pheromones,-0.23359819061899578
earth-bat-sample,-0.008862646980590907
chorkok,0.04431569040486988
mukmoux-codex,-20.877170937837008
zipir-codex,-182048.1387664987
zipir-food-01,-919883.1175053385
caged-dingrits,-12.947997520447917
al-pulp-04,-389.167905580371
al-tailings,65.36877012018428
copper-low-dust,0.06647125433945586
re-pulp-03,2.829649956667166
enriched-water,-1.6463239699455336
bitumen-froth,-0.07923956504252003
sea-sponge-sprouts-mk03,0.0011419119318245277
quartz-pulp-01,0.04587532728994666
navens-spore-mk02,-179.7109871719112
navens-mk02,255.06985320438616
purified-zinc,-0.143058868651469
reduced-copper,-1.8064863065076235
slz-pulp-01,-36.77194984835115
crushed-kimberlite,-255.71856096593623
kimberlite-rejects,102.28735808096357
molten-stainless-steel-p2,-8.496433342000355
reduced-ti,0.0002868643482201317
reactor-waste-2,0.20944342791736942
high-energy-waste-2,-220.37378124083378
salt-solution,0.6984546805515994
reduced-tin,-3.0443523895878576e-05
sea-sponge-sprouts-mk02,17.704381611132227
prepared-nickel-pulp,-13.309557214671543
grade-2-iron,32046.304087943536
grade-3-iron,-32060.979157564027
cadaveric-arum-mk02-a,0.006007543154031577
diamond-tailings,-0.06855130755766603
diamond-concentrate,0.5579202703875865
quartz-crucible,-382.45704174323225
purex-u-concentrate-2-barrel,0.19748173559715276
dingrits-cub,-2.3187931384586045
dingrits,1.6760284180777578
pyridine,-0.00014282821230681244
washed-ash,2.4737170618393725
saddle,-176.75426920448882
organic-acid-anhydride-barrel,112.64458516036814
jig-concentrate,-0.1476859400644636
jig-grade1,-815247.0013611931
jig-grade2,-5560271.7858589105
casein-pulp-01,-0.04004969779743305
phosphoric-acid-barrel,-0.0029621185806386952
abraded-rennea-seeds-mk03,-0.00012272140186444724
ralesia-seeds-mk03,-0.7046412903439483
ralesia-mk03,0.8271356841985151
ralesia-powder,-5.013323966278318e-05
depleted-uranium-fuel-cell,-0.003005535869815063
sb-crushed,-0.0005565779571764245
sb-grade-04,0.10486599492057083
chromite-pulp-06,4.542270289371444
high-chromite,6.798206621640379
pu-241,1014376.1013183246
am-241,0.013476828036783229
er-oxalate,-0.023312540669770534
copper-rejects,-0.005357689092998567
nexelit-pulp-04,476.8090753074254
nexelit-refined-pulp,0.023436494978730137
grade-4-ti,3.7641051934289695
mibc,-146.9583322669683
ti-pulp-03,26.386403217749216
acid-strip-solution,5666.118927693146
organic-vanadate,-3.6886222243683084
animal-sample-01,4.813256193965857e-06
nuclear-sample,-1.7529364244577402e-06
citric-acid,5.9596835302119455
guano,-0.013220990423314198
powdered-tin,0.04603834397668556
tin-solution,-2236767.268981632
grade-4-zinc,0.12776034890744212
powdered-zinc,-13561.240509688423
grade-3-tin,-0.16415655954443822
r2,-124.50329307805512
py-science-pack-3,0.010602153332618635
arqad-honey-barrel,-3183444.079572066
empty-comb,18.729788481043517
empty-planter-box,1990.6262492916085
silicate-solution,-4.437864154179877
antitumor,-0.10987860133512717
molybdenite-pulp,0.004961727273045752
cadaveric-arum-seeds-mk03,-7.94160705086127
cadaveric-arum-mk03-a,0.5577740534650562
coarse-coal,-237.95255336430606
fines-pulp,3193.8655620874156
storage-tank,-0.5016784306236195
inserter,-0.0011889090390836306
crude-enzyme,-0.055129793666720196
deuterium-sulfide,27291489.049927626
grade-1-tin,-131819.32077946363
zn-biomass,7.616642054815426
caged-kmauts,-0.08635081638093478
grade-1-nickel,-930.5312755517529
calcinates,29598.255282790215
nb-biomass,-17570858.236327853
enriched-ash,-2.985188375184797
caged-korlex,-10.435198153818533
phosphoryl-chloride,0.02401344644466039
powdered-biomass,-528680.4497035317
fine-powdered-biomass,-68169.32617774833
high-grade-lead,4.4039669937412724e-05
kicalk-seeds-mk04,-128.4079133529025
kicalk-mk04,177.26921097723667
kicalk-mk03,-6475.161430056106
kicalk-mk02,-93386483.38172892
kicalk-seeds-mk02,116881359.22529212
kicalk-seeds-mk03,-39306.671966392816
sb-grade-02,165.10318142531878
sb-grade-03,0.019372935991932218
btx-barrel,-0.00018405904615517542
outlet-gas-03,0.009141080259784934
reduced-silver,-0.00013387320984212717
sea-sponge-sprouts-mk04,0.8640303191433037
cottongut-mk01,69.90775453810527
cottongut-pup-mk01,1.3767032609980674
moondrop-mk03,50.06082710012764
moondrop-seeds-mk03,50.05032687225999
moondrop-mk04,-93.84917532503388
nickel-pulp-04,-0.24348819232566216
caged-phagnot,-26.574714010323657
raw-gas,-2600.039712383923
sap-tree-mk02,-0.05350610887497733
saps-mk02,0.07308259161007005
sap-seeds-mk02,101.21551846711733
rennea-mk02,-0.07049450273242092
rennea-seeds-mk03,0.010846909259112213
chromite-pulp-06-barrel,8.996704251231304e-06
chromite-mix-barrel,4.498352125615652e-06
syrup-01-barrel,-4.373258120944598
vessel,0.4488631527722319
vessel-to-ground,0.04959974034800188
simik-codex,-0.05331916245571673
sb-pulp-05,-0.8975688082463832
xyhiphoe-mk03,5483008.6443863185
depolymerized-organics,-1879745.26907665
caged-phadai,-1.494058675938828
ethylene-chlorohydrin-barrel,29.151358379340788
rennea-mk04,-0.03228935311136774
numal-egg,2.065318802724187
numal-food-02,-0.1321525140561484
grade-2-lead,0.013116739986559404
grade-3-lead,-0.006668053738669033
grade-1-copper,2183.524146779174
vpulp1,11526242.52550249
outlet-gas-01,-54755009.06661253
mova-pulp1,-122.92954922793264
fluid-drill-mk01,0.9708541129757468
copper-solution-barrel,5.818414389536934e-06
reduced-iron,-0.18347536702861655
reduced-zinc,-0.045478649382303615
grade-3-nickel,0.05108475016250561
iron-pulp-01,-38420778.103682004
xylenol,-6523536.650425002
coal-pulp-01,0.008154076230183898
earth-bear-sample,-0.0003441234770806763
thikat,4.983161273344762e-08
magnetic-organ,0.00028652102430056555
glandular-myocluster,-6.810287230495799e-06
polynuclear-ganglion,1.6654998869753434e-05
intestinal-ee,-8.627380517569796e-06
subdermal-chemosnare,0.00019100088552664304
geostabilization-tissue,0.0004905344415166649
cognition-osteochain,-3.890829799191855e-06
dimensional-gastricorg,0.00041830956913124686
adaptable-automucosa,7.63763271892137e-06
hormonal,2.0265744688261455e-06
cryogland,0.0005344725970049729
lcc,4.5437278522146365e-07
sternite-lung,5.93059407762578e-05
vsk,-8.704299251011446e-06
autoantigens,0.004361621969405687
py-science-pack-4,0.0011375200951963616
bat-codex,6.56150110958674e-05
al-pulp-03,341317.1801712842
re-precipitate-02,9.773545481198509
crushed-oil-sand,-0.0012776401770026584
oil-sand-slurry,-0.06556291432772468
zinc-pulp-03,-0.015393316564733047
zinc-overflow,135612.30744305303
lead-refined-dust,-755.0278325814819
molten-stainless-steel-p1,-0.26596136480302135
kimberlite-pulp,15675.781439305858
dingrits-food-01,4.041544176493224
dingrits-food-02,-0.005462303798329401
acetaldehyde,0.00017659923706408862
casein-mixture,0.0029020021871827228
digested-rennea-seeds-mk03,0.0014518774415017862
dry-ralesia,0.00032584422720659614
chromite-pulp-04,-5.42433922339741
chromite-solution,320.06908321356366
pu-240,19019552.90579144
nexelit-pulp-03,-476.7573962635761
armac-12,-340.0519709037114
ti-residue,-0.007204515479158697
ti-pulp-05,-357297.76478892885
vanadates,63.01673946209636
vanadium-concentrate,-0.4679770250540621
vanadium-solution,0.4679770250540621
workers-food-03,2.6560903629055534e-09
tin-rejects,1.9743784307551229
tin-ore-rejects,-407.56662630871836
r1,-0.008051554664415237
passivation-layer,-0.005316118327277946
enediyne,3.227022721642369e-05
molybdenite-dust,59948968.18482089
cadaveric-arum-mk03-seed-juice,-0.5349613850089622
pure-natural-gas,1657.7701005678741
residual-gas,0.3569655228352152
crushed-coal,-3.1830459312398878
ammonium-sulfate,8.626735821887067e-05
pre-enzyme,0.08280293014680448
purier-helium,-3516841.2878031773
prepared-chromium,-2291.759848563971
chromium-rejects,1145.879925439626
al-pulp-02,-263595.11077118624
alamac,-16610.76283449786
bone-caged-simik,-0.002906559669388697
ti-biomass,-20697629.73653761
bhoddos-codex,-5.918115708932309
ulric-food-01,-56378.290704242776
grade-1-u,-63642633.14413743
grade-2-u,63647594.54722404
fish-mk03,453259.928521942
fish-mk04,541543.7421599097
fish-mk02,46825.04880164184
fish-egg-mk02,9502.408408534047
high-grade-iron,-0.3410476613123939
blood-caged-simik,32.9421850253772
yotoi-mk04,27.589101386079335
yotoi-fruit-mk04,961.1694232338817
hot-syngas,-50747127.255136624
sap-tree,-477.1135364956234
sap-seeds,-144.54694308351552
bulk-inserter,0.002861530868819998
gobachov,2.3320489846890673e-06
vonix,855838.8258964
sea-sponge-sprouts,-2906754.746852349
used-nuclear-fuel,-0.0034153781368706894
arqad-egg,0.06860714449710972
ti-overflow-waste,-2763.636258142915
copper-pregnant-solution,2527248.0873148185
coal-fines,-0.6045435429923707
tuuphra-codex,-0.002891961339899074
xyhiphoe-mk02,135405.1725330567
arqad-mk04,-6.118771865959774e-06
filled-comb,-7.473489203699934
arqad-egg-nest-4,7.867414812708123e-06
nickel-rejects,-3223.850802860156
regolite-dust,-49315.64236701476
dry-gas-stream,12276428.33239314
sl-concentrate,-0.04225371356342067
sb-grade-01,138.43015129753928
earth-mouse-sample,-14.012120584483359
cottongut-codex,-69.93540230551415
moondrop-seeds-mk04,106.36495845280783
nickel-pulp-03,-0.021866918726381843
abraded-rennea-seeds-mk02,1.2684388708517422
sodium-cyanate,0.00962960711879547
yellow-dextrine,0.082421466971558
blue-liquor,2.734739935972014
washed-mova,474.9865909469348
steam-engine,0.6178986817404744
burner-mining-drill,-1.699946663749222
high-grade-zinc,0.03334784579373357
grade-2-nickel,-0.5407388111366018
iron-slime,0.002932155016978817
atomic-bomb,-2.5299254369559327e-05
auog,0.0019588346856509137
nukavan,2.534512811558428e-05
guts-caged-ulric,-0.0002945335208949883
meat-caged-auog,0.00033839471904285775
brain-caged-arthurian,0.0002291368354239607
guts-caged-scrondrix,6.529226962171983e-05
skin-caged-phadai,-0.00019924936878533027
brain-caged-phagnot,22.27637217892752
bone-caged-xeno,-1.669174574035868e-08
skin-zipir,0.0031865181987395536
guts-caged-simik,0.0020180182640261845
fat-caged-korlex,-0.0005388584164866232
blood-cottongut,0.00012004660497682819
guts-arqad,0.001985232125857945
blood-caged-zungror,6.363768216969455e-06
blood-dhilmos,0.0005687450838850259
vonix-eggs,18.57889757236083
re-pulp-02,-983.2629847861377
zinc-pulp-02,0.3655826377716273
zinc-waste,0.2530881965881676
chromite-pulp-03,10.119319257375217
nexelit-pulp-02,-0.07540327628124065
ti-pulp-01,35.09966456624265
ti-pulp-02,-26.240433923689952
pressured-vpulp,-125.43649836914082
used-solvent,-1.0034884272688347
workers-food-02,-2.0541764539946294e-09
digested-rennea-seeds-mk02,-1.2687676850082037
anolyte,0.8077069559741544
molybdenum-pulp-barrel,0.03582309444354549
purified-natural-gas,-1415.8923503856847
rich-gas,-1554305.999239793
buffer-solution,216.50312306214303
molten-fluoride-thorium,0.12066957685038247
molten-fluoride-thorium-pa233,0.001412141850499005
gas-stream,-121881233.46783045
re-pulp-01,16587.504350471998
re-precipitate-01,0.017412833756144726
sn-biomass,-15479.046152428822
dried-grods,1913270.138738476
phadai-mk04,7.933580156868156e-05
yotoi-mk03,-4.782452114291901e-18
yotoi-fruit-mk03,9.561458257858996e-18
caged-auog,-121175.68053661876
fish-oil-barrel,-0.03706632891390681
korlex-pup,-1628.3506309950324
auog-codex,-0.0008547105253242186
numal-food-01,0.09925787676796657
grade-1-ti,-17.516738850449904
arqad-mk03,-1.4878997923251012
arqad-egg-nest-3,1.4907694102496538
helium-rich-gas,73816530.11458392
chromite-concentrate,8.869076522991023
bmp,0.021134167043158233
fish-egg-mk04,-716426.0340273298
fish-egg-mk03,-261287.48170966853
iron-pulp-07,0.740832972503568
recombinant-ery,-7022.53998963287
yotoi-seeds-mk04,-1269.576779074348
nacl-biomass,552403.662533764
fast-inserter,0.0025911424913557437
earth-flower-sample,-3.1004747559180027e-06
earth-wolf-sample,-7.924589382093717e-07
refined-natural-gas-barrel,-0.004662998532226676
arqad-queen,-5.739179327716341e-06
ti-solution-02,-802.8523209631769
copper-pulp-03,-0.03703576105886687
copper-solution,-1263664.8624409111
acid-solvent,-1263664.778823774
copper-pulp-04,-12636648.659941373
thickened-coal-fines,0.05573087740099134
mutant-enzymes-barrel,335.09408076529826
arqad-maggot-3,1.5277644753894142
moondrop-gas,-5361.344426441739
moondrop-kerosene,-28.03506062490014
arqad-mk02,0.3674116700165053
tall-oil-barrel,-0.002661997573166009
powdered-regolite,611.9458174986449
sl-03,446.3636890478167
nickel-tailings,0.25924458854241805
vanabins,-0.6637605324997288
mova,-477.13740158214534
stone-furnace,-0.24145662132635645
zinc-pulp-04,51.26594238886071
auog-food-01,0.5338663994885492
auog-food-02,0.0020304809200205167
auog-pup,-1.879039655950352e-05
anabolic-rna,0.0006676902291627703
orexigenic,-4.290600024841312e-06
zinc-pulp-01,-0.22498945024289663
chromite-pulp-02,3.848551758541788
nexelit-pulp-01,1314.1935489929579
workers-food,6.747397635139627e-07
rennea-seeds-mk02,2.611914975139164e-07
hot-solution,-0.6347931150982757
guaiacol,-4.331055617506575
liquid-petgas,-17915770.129983615
blood-caged-vrauks,-11.31427457400559
pb-biomass,-48.141667858631145
used-dingrit,-10853.210914038065
phadai-mk03,0.026501665063829085
cooling-tower-mk01,0.002903278749562467
xeno-mk04,1.0394191602896058e-09
yotoi-mk02,-2992.529075371391
yotoi-fruit-mk02,-174126.39987654274
requester-tank,3.5080826653083883
reactor-waste-1,-2.392890621005993e-09
high-energy-waste-1,-6715.592323320748
arqad-egg-nest-2,0.002763845816591149
yotoi-seeds-mk03,1.0348242421789415e-20
fish-emulsion-barrel,-0.06708271672701543
grade-2-ti,-0.0013096502870302421
arqad-maggot-2,-7.360580140587121
moondrop-diesel,-37.166229536921
liquid-rich-gas,-232246641.00972635
chromite-fines,-4.434034677612088
electronics-mk01,-0.00047266818485784304
ralesia-codex,2.821727866269667e-06
dingrits-codex,0.05679176932504247
ti-solution,28.53801585158704
copper-pulp-02,-0.00596447446503074
vonix-cub,-1436456.9287579008
arqad-egg-3,-1.8829033473621177
au-biomass,-1433502.3294038184
crushed-regolite,-633.7067726381083
sl-02,444.5046436971981
nickel-overflow,0.37869458730288763
nickel-slime,-1.5405563247215452
processed-chromite,0.2409305581867495
methanol-gas-canister,-856612.9242890597
empty-gas-canister,856612.9242890597
liquid-pure-air,-121813188.46893248
hot-residual-mixture,4257.455767837587
high-purified-gas,136203976.62672132
kicalk-dry,1818.92654935416
earth-tiger-sample,0.06465050433308248
phadai-codex,-0.07072904255170583
drilling-fluid-1,153268.5178655738
xeno-mk03,2.4148321203402358e-08
tin-bottom-pulp,2236691.414176638
tin-middle-pulp,2236767.358830057
yaedols-spores-mk03,-1.9920799201903376
yaedols-mk03,-0.8737195982192777
yaedols-mk04,0.001298937620342412
arthurian-egg-mk04,0.005472764237527696
arthurian-egg-mk03,0.8209175886691542
arthurian-egg-mk02,0.6387844650448712
dhilmos-pup,-213.1950324047355
provider-tank,0.6113704386349785
pa-233,5.730250354850772e-06
chromite-pulp-01,-82.53528954340067
yotoi-seeds-mk02,540342.683957446
arqad-egg-2,-19.829057916768623
chromite-mix,17.254138597756675
ti-pulp-06,357266.75690784265
copper-pulp-01,-0.006597788825225598
regolite-rock,-7.4760021450708365
cm-250,1.3420422210849157e-05
navens-abomination,-643368.9242732697
sulfuric-caged-xeno,7969.509238878522
ni-biomass,-1285640.114773102
xeno-mk02,0.0020423366584677027
moondrop-codex,1.1108794899256386e-08
yaedols-spores-mk02,26.36026149008345
yaedols-mk02,-6.09282916530899
abacus,-6.977319949646606
vrauks-codex,-0.0506688824248708
used-control-rod,-2.825133437134995e-08
control-rod,1.4125667185674976e-08
py-shed-basic,0.0004350598960105676
power-armor-mk2,-0.00010248308698759252
phadai-codex-mk04,21.318774495518113
phadaisus,0.00012263951237069344
grade-4-chromite,-53.859589316908334
powdered-u,21955.576490516505
nickel-prepared-solution,0.24845784317154856
zungror-mk04,5.567650049593916e-27
caravan,0.0285153845492031
earth-lizard-sample,0.01807530965164486
simik,0.06335185789882646
c-oxygenated,-0.0002839589224004715
ht-pipes,0.18177052115408818
beacon,0.0012351867891566917
cooling-tower-mk02,0.0001473549965265976
vacuum-pump-mk04,19.922700484619835
phadai-codex-mk03,-21.312736545631072
grade-3-chromite,1.7717637638168686
chromite-rejects,0.006649014584084731
lead-refined-dust-02,438.0607027680616
iron-pulp-05,6965388.366712834
iron-pulp-06,3289816.5268201707
iron-pulp-02,-65018240.10524554
americium-oxide,3.0401251305928476e-05
zungror-mk03,3108.990080377802
iron-chest,-35.4462343949376
py-science-pack-2,0.08406537374370884
mega-drill-head,0.0036519791238007254
work-o-dile,4.5229587573980165e-06
ac-oxygenated,0.007224638528530712
tower-mk04,0.3502561708305942
vacuum-pump-mk03,-19.919734627439436
phadai-codex-mk02,-0.006778110731522193
grade-1-chromite,-3.472603540343833
grade-2-chromite,0.5906922286374284
concentrated-ti,2.914878756848176e-07
earth-roadrunner-sample,-0.0004840002147901034
scrondrix-codex,0.05152968587946354
scrondrix,0.0024470053505038303
iron-pulp-04,33235088.52279385
ac,0.3757337711106275
tower-mk03,-0.33864308858786485
vacuum-pump-mk02,0.10757476528805332
plutonium-oxide-mox,-12679481.478597956
used-auog,-844.1573506465962
high-grade-ti-powder,-2.8662137814234773e-07
iron-pulp-03,11879424.068173662
purex-raffinate-3,213.44738383539723
tower-mk02,-0.012502804025585013
xyhiphoe-cub-mk02,13988.82141073137
trits-mk04,607.906126535894
coal-pulp-05,13914408.86692013
guts-caged-phagnot,-2.327114292898542
used-auog-mk04,-0.012908805548027983
auog-mk04,0.012263365270626584
zungror-mk02,56.60850218369065
purified-ti-pulp,0.0009819680482536215
purex-raffinate-2,-633.2058452117965
tower-mk01,0.029974559266161094
moondrop-fueloil,357962.0884873075
fuel-oil,25269161.665138755
trits-mk03,516.0795717318302
used-auog-mk03,-0.0015326351098072831
auog-mk03,0.0014560033543169189
fawogae-spore-mk02,-917069.1199478253
xyhiphoe-cub-mk03,-293569.96316852135
petroleum-sulfonates,3468591.367757748
ti-pulp-04,-0.001950443564076507
purex-raffinate,-27.24609113633193
trits-mk02,158.9674140940164
used-auog-mk02,-0.20970210548390972
auog-mk02,0.19921700020971422
earth-bee-sample,0.0010810911656253168
arqad-codex,-0.005135761963574036
ralesia-seeds-mk02,68717386.38050812
ralesia-mk02,-42829935.603832684
xyhiphoe-mk04,5350007.716889018
xyhiphoe-cub-mk04,-10698360.755540784
purex-u-concentrate-2,-3.057977067296144
purex-u-concentrate-3,0.7585105487034288
fawogae-spore-mk04,-11789136.918080518
purex-u-concentrate-1,2.6799043292480955
ralesia-seeds-mk04,6453776.590142027
ralesia-mk04,-4030330.123789568
purex-waste-3,3606.5042485850286
vitrified-glass,0.20745278408450477
purex-concentrate-5,3661.4792363674223
purex-waste-2,-8487.376799685087
crushed-molybdenite,-6721229.033702228
purex-waste-1,-3237.239255959825
sb-chloride,82.31772647878736
purex-concentrate-2,110.93960638333789
