Recipe,Multiplier
space-science-pack,300.0
nv-center,82.87512365663966
pi-josephson-junction,3.4549297552470514e-05
quantum-dots,0.02084926273864962
quantum-vortex-storage-system,0.0018857406377638516
var-josephson-junction,0.47338470991913095
milfe,8.241209369751784e-06
mechanical-parts-04,0.013052456251699462
metastable-quasicrystal,0.0063046386486944155
u237-pu238,3.136154531208772e-05
sc-engine,4.716671851273963e-05
full-render-antelope-existential,0.08477779538150644
intelligent-unit,2.3238992651932455
liquid-helium,0.0012570306735602262
vacuum,0.6959475351303358
full-render-antelope,0.0003019541455491439
pa-diamond,0.000806231521625567
mqdc,4.484098856979136e-07
paramagnetic-material,0.006739761385620991
parametric-oscilator,0.006061685127554354
diamagnetic-material,7.718208843752852
harmonic-absorber,0.00018974488745291516
th-oxide,0.18785031779650516
conductive-sheet,0.007555919628688973
time-crystal,0.10591422157815793
phosphate-glass,5.450582351104361e-06
cooling-system,0.000767397302443012
superconductor,0.03126230166711632
carbon-nanotube,2.21091979620026
heavy-fermion,0.0021804940176309837
nano-wires,9.870483463202268
colloidal-silica,20.08636153622168
silicon-wafer,0.010843740141844938
phosphoric-acid,0.0011267515157023045
boric-acid,0.00045992947283676457
etching,0.0019960492282812673
bose-einstein-superfluid,1.626485360536111e-05
biopolymer-2,8.140541290687014e-05
volumetric-capacitor,0.03765264943975903
photonic-crystal,4.850388261941857e-05
cf,0.004125652315032945
graphene-roll,0.010591720877358188
hotair-crco-alloy,0.13086132168491268
nanocrystaline-core,0.001322892700997868
nxag-matrix,4.680216785812018e-06
niobium-plate,4.2906313711476016e-08
gd-metal,0.0017738004131986327
iron-nanoparticles,0.0001799186703969275
advanced-circuit,0.002077311856778798
aramid,0.19430818990873372
honey-to-ethanol,3.5473331037959615e-05
nano-mesh,0.033197004422455705
mechanical-parts-03,5.8300837587587374e-06
hotair-nxzngd,0.04398243485818774
brake-mk04,154.11468073678768
electronics-mk04,0.011469291916070693
gearbox-mk04,0.0075593707476004956
hydraulic-system-mk02,0.0007492237428083902
hotair-shaft-mk04,5.6409746251754986e-05
utility-box-mk04,0.04851364602230715
hotair-steel-20,0.0003329049460148404
low-distillate-to-grease,0.01155290925109243
simik-lead,0.6106391684265738
mositial-nx,0.08619286712850796
photon-deposited-quartz,0.8065546408876731
quasicrystal,0.012791556012912325
denatured-seismite-2-80-20,0.010483502005085937
ex-ski-sim,0.1304435165832141
u238-pu239,25.632126259168555
antimatter-fusion,0.004350644386388943
optical-fiber,0.0001471213425111266
air-duct,0.9278275984229948
cryocooler,0.0018494840103988129
cryostat,1.1759018376103054
fan,0.11397730097420453
magnetic-ring,0.000564739705800416
rotor-m,0.006767963056056061
sc-stator,3.1486657751881874e-05
small-parts-03,0.00022230726155566708
hotair-super-steel,0.20347732294625503
caged-antelope-7-5th-dimension,0.11998428178814056
quantum-battery-recharge,0.0003650602022991875
photonic-chip,3.6312169825685423
biofet,0.16664222782916768
processing-unit,3.0785052805292925e-05
csle-diode,7.949275979082839e-05
fault-current-inductor,8.725099573799564e-06
kondo-processor,3.9767734435788e-08
nanochip,1.1936074028411665e-06
paradiamatic-resistor,4.5182266827199494e-06
pcb4,0.06737966671801172
supercapacitor,0.004611063295649542
hotair-solder,1.0714369986038591e-05
ralesia-4-hydrogen-burn,7.503851149277963
high-grade-alumina,0.001896728296739471
gasoline,0.0001572065963553682
quantum-dots-folding-3,0.8066775251223501
class-diamond,4.998318901467924e-05
simik-gold,4.426267949494351e-05
biopolymer,0.00010512675638362007
crco-alloy,0.0024192957910534104
pa-niobium,0.8782289850300813
aramid-2,0.01257592383994234
nxzngd,1.5952765251545877
steel-plate,0.3045639232554285
grease,0.00035974576118297485
dt-he3,0.003410929896530878
kovarex-enrichment-process,0.06905332261580746
super-steel,0.00026372853139446377
caged-antelope-7,0.03932346694407785
solder-0,0.009097129863119554
ralesia-3-hydrogen-burn,0.10716472858063947
extract-methane-from-coalbed-2,0.0010904067598468258
bhodos-ur-3,0.5392522926207203
graphite,38.079729646184994
Phadai-Dance-Dance-Revolution-4-piezoelectric,0.3936937316707304
quantum-well,2.510566106789777e-05
eg-si,29.013424219464923
gaas,9.023962016283073e-05
purex-antimony-void,4.417034061356171e-06
alag-grid,1.8918375753887136e-05
ingaas,0.006479559961877155
ingap,0.0003606211493405425
clean-glass-sheet,0.016997943569749797
heavy-n,0.0002634435451697348
processor-core,0.00019671488548614937
supercapacitor-shell,0.06541588110686088
chromium-01,0.5687029204992231
py-sawblade-module-mk04,0.00035690074428710244
myoglobin,0.000548985787432964
nylon,0.0015873827624564238
hotair-aluminium-plate-3,0.05658388214285162
hotair-lens,0.010688400892069221
control-unit,1.2064644437767839e-05
nanofibrils-xyhiphoe,0.002013994081850024
yag-laser-module,0.0012474635161989532
simik-niobium,0.0011651755319057853
re-magnet,0.03151206278970141
rayon,0.00039760279777841624
pyrolytic-carbon,0.3834484601638985
hotair-lead-plate-3,1.7358100770069887e-07
hotair-copper-plate-1,9.121002763717783e-05
hotair-super-alloy,0.6787404040750882
cottongut-science-prod-seeds-80-20,0.001939702590983853
zno-nanoparticles,0.00025501428045780614
aerogel,0.06434483965252272
hyperelastic-material,4.266819724758439e-05
filtration-media-4,0.00018026860838795831
hotair-flask-3,8.386154536719933e-07
th-oxalate,0.0042113072889569435
ammonia2,0.03706261353407677
hotair-nexelit-plate-3,8.961793309551642e-06
silver-plate-2,0.001657503476785003
sand-classification,0.031065779923926423
sodium-sulfate,5.675713521007634e-07
acetylene,5.148904346562795e-05
kevlar-2,0.0028530153807587787
science-coating,0.0002761250784374732
path-3-advanced-recipe,0.001166677890268343
nylon-parts,0.4997042731248151
small-parts-02,0.0006397206875941679
duralumin-2,0.0002936259998354105
hotair-stainless-steel,0.0013345583723337804
tin-pulp-02,2.39376640341553e-07
liquid-nitrogen,0.017687574405947305
biobattery,0.003042440416482158
simik-zinc,0.010288273329707836
sc-substrate,0.0005964958357770553
hotair-gold-plate,0.0005385761697886157
nbti-alloy-2,0.006741046738316646
vpulp-precip,1.0188965307202555
nenbit-matrix,0.00031946619743964533
carbon-dust,5.1546668327921434e-06
btx-to-methane,1.4906490375438415e-07
sand-casting,0.00037989524504821755
reo,2.070456791814861e-05
fuelrod-mk01-1,0.023183105460131352
sc-wire,0.000867969870099984
pa-silicon,0.024166669488629968
silica-powder,1.0514347544637168
plastics-mk03,0.0016270905697182117
sponge-iron,3.0179624688345225e-05
log-wood-fast,0.01893466322929557
phosphorous-acid,170.23856433869656
boron,0.0003283805803492079
path-1-advanced-recipe,0.08636542528815297
sc-unit,0.0001898834591481018
tholin-to-deuterium,1.6240190499259332e-06
simik-silver,0.0044776022534558655
sporopollenin,0.0004492304478540922
urea2,1789.7956136645007
bacteria-2,1.029893272663178e-08
breed-fish-egg-4-doused,0.0006526760046884766
lithium-chloride,0.0020071079469379132
hotair-molten-glass,6.447808236235387e-06
animal-reflectors,4.971556034613314e-06
inverse-opal,0.005790541384058073
dry-cf,1244.5229612023852
epoxy2,0.0020865480083091404
biofilm-3,0.0031063471598478235
graphene-sheet,7.02688217401501e-05
borax-washing,0.155517543887225
cobalt-nx,0.002026922117532402
petroleum-gas2,3.945147327285013e-05
hot-air-3,0.6563244318024136
pa-boron,1.5164829729180098
hotair-iron-plate-1,0.10018080091096977
simik-nexelit,3.280333280524966e-05
niobium-oxide,0.2614626997348907
nisi,0.16202876237432914
gd-oxide,0.06530833018671518
hotair-casting-lead-container,0.019241084150434178
dodecylamine,1.640877675946731e-05
battery-mk01,0.0013320274742770863
electronic-circuit-2,4.627984118845763e-07
diode,0.0023350546883110696
mukmoux-calf-4-microchip,0.06674140313768612
resistor2,3.354836602038817e-05
transistor,0.22180787845806352
capacitor2,2.2814681134475223e-05
inductor2,0.0006671019661712623
mosfet,0.0004792858176438036
pcb2,0.07258489084749836
pa-molybdenum,0.048891356496522535
hotair-titanium-plate-3,0.0030360297649442663
py-sodium-hydroxide,0.015217287478353825
tpa,0.012558134184544836
honey-comb-buffed,2.7197638111652677e-05
manure-bacteria-fish,0.7722358624804352
rpc-mesh,0.0037740779204688633
core-shell,7.656269783806008e-09
full-render-simik-music,3.4980896857868726e-05
acrylic,1.167674312218557e-05
mechanical-parts-02,2.9335564392129913e-06
brake-mk03,0.00015839605134640943
electronics-mk03,3.536183443405993e-06
gearbox-mk03,0.00034340367299786094
hydraulic-system-mk01,0.00010228677974033736
hotair-shaft-mk03,0.008543592504125634
utility-box-mk03,1.76357457133792
tin-concentrate-3,0.004312400053474091
molten-nxzngd,0.0004245028512922205
low-density-structure,2.49370830264838e-06
nxsb-alloy,4.195650045202442e-06
nbalti,22.82486901863335
ceramic-2,0.0018830650808923273
agal-alloy-2,9.501072542169252e-07
eva,1.6174338658762222e-05
format-neuromorphic-chip,0.2797016772961443
inductor3,0.0012793622272067571
boron-carbide,0.00017796830301535782
lithium,0.00041762334704168407
belt,0.0004719267891137811
py-check-valve,7.944151413161462e-06
pump,1.040989088423783
hotair-casting-sticks,2.6732508936271773e-08
rubber-03,0.08338204481249527
crmoni,0.07203978665702647
hotair-mold,9.071710849177007e-05
molten-steel,5.7897979101678414e-05
sncr-alloy-2,1.6571449425254313e-07
oil-refining,6.216551929866428e-05
simik-nickel,8.3364975070131e-06
bio-sample-icd,0.002719185813122917
purest-nitrogen-void,1.1718252876854879e-07
flo,0.0003063570011931142
rhodamine-b,0.002228848471469502
allylamine,0.2890117012784594
high-grade-quartz-pulp,6.645687963319342e-05
chemistry,10.24146011071751
metallic-glass,0.0006307800791561687
bio-sample01,0.2523351637671809
lithium-hydroxide,0.087686120343028
hyaline,0.012118460121799127
cdna,0.0037485845010714206
zymogens,0.7339020619766828
dhilmos-egg-4,1.0937724425239255
xeno-egg-4,0.003273330776054426
caged-cottongut-4-cannibal,0.0010658896465871913
print-adrenal-immunosupressants,0.037176746758811725
mutant-enzymes,9.206313585453412e-06
formic-acid,0.028657188566676043
simik-improved-12,2.878171193987512
blanket,4.990385815841151e-08
divertor,0.02417457027291148
wall-shield,0.0018136504928023402
antimatter,0.10160454546007883
full-render-trit-music,0.0005713215448504485
nbfe-coating,1.1403786254295611
hotair-casting-niobium-pipe,4.132369314559017e-07
ernico-2,0.0009405541751048488
vacuum-pump-mk01,0.04550021754175628
czts-plate,3.540342919152619
electric-engine-unit,9.769591771565873e-08
hotair-casting-small-parts,1.1473305008282538e-05
ybco-monocrystal,1.824843461289121e-06
hts-coil,0.5372575528324531
hotair-glass-fiber,0.006900982946214422
molten-super-steel,1.6553808737303206e-05
nano-cellulose,0.011358603361992963
antiviral-02,4.1093386299038045e-06
gh-2,0.01939238759580085
sea-sponge-earth-sample-turd,0.008774917076314556
tuuphra-seeds-with-water,0.0009440187849614056
navens-4,0.10474081654057506
seaweed-5,1.6303109837033782e-05
fine-nexelit-powder,0.00418354091910665
quantum-battery,59.87749585743847
anti-reflex-glass,0.0010576490539255243
fbg,0.00023985796652020356
fdtd,3.3139226459575704e-07
transparent-anode,11.950936655599904
aptes,0.0008219471067100199
bioreceptor,0.004008220313828657
pvp,0.03934971771758678
dynemicin,0.009860654398358825
pdms,0.014308887659352326
p-dope2,0.0002941619849400536
hotair-tin-plate-3,2.2777023521486065e-08
syngas-from-hydrogen-1,0.00016049169359862351
capacitor3,0.0020023208695845013
diode3,0.0014399416670499497
pcb3-2,0.023214743959657825
processor,5.742276399523844e-06
resistor3,0.00023377714602087926
kondo-core,1.4683421312470505e-06
kondo-substrate,0.0012986398510650718
heavy-p-type,0.13649616309474996
light-n2,0.0002515727156179355
nichrome-2,0.0013538349271822894
cermet,0.0033989597202644
cadaveric-arum-4-msa,0.00011607598240477603
supercapacitor-core,0.48529384560291206
molten-solder-3,8.048082584370708e-06
coal-pulp-04,2.6714876272366435
auog-paddock-mk01-with-dirt,0.16000617580903578
auog-paddock-mk04-with-dirt,0.061324206892396566
yotoi-fruit-4-nutrient,0.40572097431297083
ralesia-seeds-paper-towel,0.0485076906997125
manure-to-crude,21.143830787449794
coalbed-gas-to-hydrogen,0.03313228639198658
simik-aluminium,4.855135376786355e-05
olefin,2.9569980340116602e-05
stripped-distillate-to-light-oil,0.03608468935019253
rejects-separation,0.9540914033093628
silicon-wafer-3,0.0016167644029568748
gas-bladder-to-phophine-gas,1.4198439057305612e-05
ethanol,7.583745390946236e-07
steel-20,0.04774013439138149
tuuphra-grease,0.0006403940165490213
pbsb-alloy-2,8.721486560938556e-07
Depleted-uf6-to-u-oxide,0.004019900813010946
artifical-insemination,36.1245259910744
print-fat-immunosupressants,0.07493166584195021
cage-antelope,8.134805396494679
solder,0.00043969951212566825
ralesia-2-hydrogen-burn,0.006867969348696448
extract-gas-from-coalbed-4,0.004210591749922932
gasoline-cellulose,2.489114761397077e-05
Phadai-Dance-Dance-Revolution-3-piezoelectric,0.0007841815197939878
crystallographic-substrate,0.004784590704468662
sb-oxide-04,0.00039107244679486387
hotair-chromium-02,0.003673614482878487
nylon2,9.827283247582497e-05
aluminium-plate-3,0.0002015881435351796
nanofibrils-2,0.05232920756599005
1d-photonic-crystal,2.5455662131563592
lithium-niobate,3.2597688091989684e-05
lead-plate-3,1.665485328262787e-05
copper-plate-1,2.9739602626830423e-05
super-alloy,0.09717174222955559
filtration-media-2-nanofibril-turd,1.5806932769509463e-05
flask-3,0.46215891117866503
ammonia-from-cyanic,4.478839930700014e-05
nexelit-plate-3,0.0006575895562331
hotair-silver-plate-3,1.343263954612207e-05
sodium-sulfate-1,0.0026665921287276828
tholin-to-acetylene,2.451441853152933
kevlar,0.00010683111909853277
chitosan,0.0009023758572259593
duralumin-1,0.005005923318198758
stainless-steel,2.5170399079878325
sulfuric-petgas,0.4105895710104469
agzn-alloy-2,0.00012958687386640546
gold-plate,0.013669222163744926
nbti-alloy,8.286510793892303e-05
pa-vanadium2,0.2767044693422604
silicon,1.2232378138106118e-06
plastic3,3.105969568594757e-06
quenching-dirty-syngas,0.0001849400393124684
diborane,3.0760922179145306e-06
gas-bladder-to-deuterium,0.00846671097423763
silver-foam,6.367052391406067
urea-from-liquid-manure,3.3014620837656545e-05
molten-glass,0.005787306429720341
epoxy,0.009930428361135111
aromatics-2-petgas2,8.08268405072059
warmer-air-2,0.037960435962167235
iron-plate-1,9.84216969705009
nexelit-matrix,0.00047919925175881863
cobalt-extract,0.0028553215598276917
lead-container,4.419706441025983e-05
nas-battery,2.200732677571366
electronic-circuit,2.6123690514814123e-06
mukmoux-calf-3-microchip,3.678525048363453e-05
molybdenum-plate,1.2943644609814507e-05
titanium-plate-3,0.00033845156309796835
chlorine,1.2263277099158727
manure-bacteria,2.3330451056647343e-05
wax-to-lube-buffed,0.14037401787248352
ceramic,0.0027549780457645136
agal-alloy,0.000942056330818682
iron-stick,5.661751503673438e-05
rubber-from-oleochemicals,1.846788473327595
mold,1.549626366076857e-05
molten-steel-02,1.2453874477772537
bio-ore,0.15321540014372406
bio-sample,1.651040118488317
pressured-air,0.5177277464188283
caged-cottongut-4,0.0027275725416717844
adrenal-cortex,0.01594344040928648
full-render-trit-laser,0.7014324311528929
niobium-pipe,0.0010353522371443391
small-parts-01,1.4555702285059504e-06
glass-fiber,3.037641061683007e-06
full-molten-super-steel-3,0.0010409326809256946
antiviral,0.01992302847084797
gh,0.14612207147739792
sea-sponge,0.0008764638941998707
tuuphra-seeds,0.2743327300902003
navens-sample-with-vonix-gen,0.3323003403450717
seaweed-5-dry,3.650539228824005e-06
p-dope,0.040259083977806684
tin-plate-3,0.010592921443614862
hydrogen-chloride-2,0.5771355414424865
light-n,2.3904432967497504
nichrome,2.4043143686257296e-05
cadaveric-arum-3-msa,0.05356242688317607
tar-to-carbolic,64.76461142724489
grade-1-zinc,0.007727478182956772
starch-4,0.032802534067718235
yotoi-4-nutrient,1975.9719278949751
ralesia-seeds,0.10245097898466196
naphtha-to-syngas,1.8771496551639049
cyanic-acid-01,0.0007288497800973575
ref-to-light-oil,0.00026952398272286194
quantum-dots-folding-2,73.85118772646055
quantum-dots-folding-4,0.36536656431585357
washing-crude,1.79391302513128e-05
print-tendon-immunosupressants,0.01103527451361211
collagen,0.00030408323475898365
kerosene,0.00575668137135911
hotair-nickel-plate-3,8.523591802704297e-05
sub-denier-microfiber,1.818920724810744
tio2,0.05263922010636155
xyhiphoe-4-hot-cold,0.08869164017072037
auog-paddock-mk02-with-dirt,3.8932390268673376
he3-separation,0.010155900010262474
hotair-casting-drill-heads,1.1026532754887613e-08
pressured-water,0.00039081310649148826
psc-mutant,0.017867844994273675
hmas-pvp,0.0007207744215847781
bhoddos-4-exoenzymes,0.017529098077041585
geo-he-03,7.331917479512511
yotoi-to-chelator,0.0018001381346016436
vrauks-paddock-mk03-with-lamp,5.365181468983857e-09
programmable-speaker,0.041764230619268546
manure-4-mukmoux-turd,88.3905707895118
energy-drinkb,0.00019150384963106164
phadai-food-01,4.40451655627722e-08
phadai-food-02,9.569336976147396e-06
phadai-4,0.027604006135699126
fawogae-mk04-with-xeno-codex,0.062021157593944144
Phadai-Dance-Dance-Revolution-2-piezoelectric,0.00040345122518932664
ti-n,0.137159417190722
zinc-nanocompound,0.026611193477668674
pure-trichlorosilane,2.0544280209459225e-06
arsenic,0.235117916654208
plutonium-oxidation,0.000173926122944592
antimony-phosphate-2,0.048892399221955866
silver-nitrate,0.00656065740863293
polished-glass-surface,0.00010481089950303404
sb-pulp-02,0.00017209458573468484
fiberboard-3,4.006269959227919e-07
tier-4-chromite-sand,0.0027413950808903255
hardener,0.6685632231997726
cerium-oxide,21.738661869059396
polishing-wheel,161.89768504536397
py-sawblade-module-mk03,1.5092355091136156
full-molten-super-steel-2,0.08344472811662354
powdered-phosphate-rock,1.5191653113592698
acrylonitrile-3,0.00021144289990220478
phenol-3,1.0385669835921127
blood-meal,0.02218016494339965
molten-aluminium-05,6.654372006904618e-05
simik-boron,0.04995130067724653
glass-6,0.0007653403048462817
co2,0.05604559551165717
fuelrod-mk02,0.00015695025758115253
xyhiphoe-cub-4-acetone,2.6103975339046087e-05
chloroethanol,0.25080811238587514
erbium,0.03526791081044434
cobalt-fluoride,0.13105078722691577
laser-module-alt,0.00022608185369485837
ndfeb-powder,0.00010673497306178451
fiber-dry-storage,1.1146605328933925
ammonium-chloride,0.043368176021293225
carbon-sulfide,0.358216971820547
molten-lead-02,0.08056242720562135
molten-copper-04,7.297087028003762e-09
molybdenum-oxide,2.6491969950082432
cobalt-oxide,0.3355683710959057
enzyme-pks-nickel-carbonyl,13.226577904594606
alien-sample-03,2.2317491364283286e-06
kicalk-5-saline,1.9166955098602727e-05
arthropod-blood,1.3793759793027847e-07
guar-4-guarpulse,0.00026507648094638547
soaked-gel,50.896241647007535
bonemeal4,0.03420167050903937
resilin,0.7080412838088056
sponge-pure-sand,0.00015585198960701142
active-carbon,0.0011304881144066285
yotoi-cellulose,0.18474909011860532
stopper,1.9367556163596767e-05
purified-quartz,0.04309224440487491
coalbed-gas-to-refsyngas,75.25254187677179
ammonium-oxalate,0.644102640356913
th-dust,1.0400834465323323e-05
xyhiphoe-2-hot-cold,59.96489957858287
molten-nexelit-03,0.0005831375108662694
sl-01-2,0.03029684053142266
rare-earth-beneficiation,0.8200761772545063
sodium-bisulfate,57.943907177646025
slacked-lime-seaweed-recycle,0.010070652150552594
slacked-lime-from-seaweed,323.8994593585863
ppd,0.09856574485143399
dms,0.0035799935289078915
industrial-solvent,0.09340498177312365
zinc-acetate,39.09031108690225
hotair-empty-petri-dish,0.0026323936904619357
hotair-casting-bolts,0.009354621715060846
molten-stainless-steel,9.582649089615728e-06
high-tin-concentrate,0.6049305602288654
oleochemicals-3,0.00038948340138605366
jelly-to-kerosene-02,0.009319943156415517
bacteria-1,0.3638602381378119
purified-gold,0.0002720630124848345
molten-titanium-01,0.0008540594950824894
niobium-complex,0.00010843306096164378
vpulp5,0.0062636192206620795
low-distillate-to-btx,3.906320521152501e-08
tar-refining,0.03639901609481908
ree-concentrate3,0.6050481362141782
sodium-silicate,2.3128325221899186
btx-to-benzene,16.768719491858956
btx-to-ethylene,0.9916408673384182
log6-cheap,4.313758645150066
boron-mixture,4.277832300639602e-05
poison-capsule,1.4664314176876992e-08
stone-wall,3.219864340353161e-07
caged-xeno-4-dna-polymerase,0.00017101352642486924
anthraquinone-from-anthracene,1.1645016835716781e-07
deposited-core,0.0020000438391247974
empty-tholins-vessel,0.5697034056542631
bhoddos-spore-mk02,0.01873910948970721
navens-spore-sterilization,7.572772177765074e-08
raw-fiber,1.4983470664897502e-06
ground-sample01,4.273588848623401e-06
petri-dish,5.474108852003396e-05
breed-fish-4-agressive-selection,0.0008697617334702544
fish-food-02,0.0007019403588590218
breed-fish-4,30.78759706207324
carbon-black-phytoplankton,11.78002582509505
lab-instrument-2,1.0691758862637468e-05
arqad-jelly-02,0.011971748808847191
kmauts-cub-4-eye-out,5.119418708216091e-05
purine-analogues,2.5914197037658
arqad-propolis-02,0.0165344702311106
arthropod-blood-to-organic-solvent,0.00043637000107712553
cf2,0.5589911425363581
resorcinol,0.00019499968681768232
methane-methanal,0.0072385136350264214
ech,0.08156842747477196
lime,1.2141585047030026
fawogae-substrate,6.396977707223689e-06
pdms-graphene,0.0012477967077484853
pressured-hydrogen,3.077551062060709e-05
hot-stone-brick,0.00014099360971286238
proton-receiver,0.022722280589947772
molten-iron-05,7.003587688911824
b2o3-milling,4.424165097553961e-09
impure-gd,1.5955731422363745e-05
aromatics,0.0009740672813406294
dodecanoic-acid,0.0008929734423860939
melamine,0.0013799468753721111
hotair-zinc-plate-3,12.58204439378488
capacitor1,0.4088888464264463
inductor1-2,6.379653635679785e-07
resistor1,1.5470288766947706
pcb1,0.015372478392733414
vacuum-tube,9.419929478955994e-09
mukmoux-food-01,0.024034261144112473
mukmoux-food-02,0.0037818950880749
fecr-alloy-2,1.959018697227805e-06
melamine-resin,0.005433169301195668
hotair-casting-tin-cable,0.000372585675232615
al-pulp-01,1.3087203910325388e-08
ferrite,0.0001907598532577964
sic,0.010887475705868205
phenolicboard-with-laquer,0.000497874564581101
arqad-filled-honeycomb-4,9.807673689487642e-05
arthurian-cannibalism,0.35420684205951014
Scrondrix-Manure-4,53.026330202002235
pre-fiber-3,0.002278698027826191
plasmonic-core,0.003230813939274227
fluorophore,0.00024034334662404212
dieletric-layer,0.06718882291823867
methyl-acrylate-2,0.00032766608839631203
acrylonitrile-2,3.505612613456015e-06
frack-natural-gas,9.968346404195614e-08
xyhiphoe-cub-3-acetone,1.7475761835828424e-06
mechanical-parts-01,4.209383864919545
brake-mk02,0.013383567260930651
controler-mk02,0.00014150887952133116
electronics-mk02,1.512478190076133e-07
gearbox-mk02,0.007499031059355923
hotair-shaft-mk02,4.475568871744834e-05
utility-box-mk02,3.102916795839407e-06
heavy-oleo,1.0178256523442038e-05
cyanoacrylate,0.02416669730264423
pcb3,0.04935565726112839
tin-pulp-01,0.4416222432567525
crucible,1.4089941128859277e-05
molten-zinc-01,1.7192284348358493
fiberglass,5.780576133429605
clay,0.059661537719112166
molten-silver-01,1.657978087521732e-06
vinyl-acetate,0.3970756004766912
empty-neuromorphic-chip,0.04916056723817107
high-flux-core,3.245152215368785
hotair-casting-pipe,0.004775020595392355
hotair-casting-engine-unit,0.07832191345861332
latex,0.10463507540382741
carbon-black,0.0008724225978758303
polybutadiene,0.09710325099676873
styrene,1.9147285989006272e-05
green-sic,2.5968268907404058e-05
wax-honeycomb,0.008364228068976907
molten-tin-01,0.0006759308494016658
molten-chromium-01,0.0001992870575815639
bio-container,0.0036609998503928996
purest-nitrogen-gas,0.11896296465767238
perylene,0.00031049624360922253
cumene,0.0005326177089903264
3-diethylaminophenol,5.516880666712778
phthalic-anhydride,9.368391552335874e-07
propene,0.03756066315434895
dcm,0.0014340650642913012
petri-dish-bacteria,0.00014307175005710875
coated-container,9.287762511016016e-07
mother-liquor,5.0096055740857706e-05
fatty-acids-2,3.0625377980481454e-05
moss-gen,0.03708231944928648
plasmids,0.0013864539862238486
retrovirus-2,0.01680543037512202
pacifastin,5.970744270437911e-07
microcin-j25,0.006323383050735452
zungror-cocoon-3-rich-clay,9.225534868489175e-09
dhilmos-food-02,0.010760114933940362
frack-saline-water,1.0893875771117478e-06
xeno-earth-sample-turd,0.8792576635352264
cottongut-food-01,0.0012746185801208922
cottongut-food-02,8.123266366361046e-06
cottongut-food-03,6.36966072075996e-06
cottongut-cub-4,0.00021664947613212008
grod-seeds-heavy-water,4.763634104751705e-06
moondrop-5,0.014030339262493254
bio-scafold-with-lamp,7.404923825843566e-06
immunosupressants,8.486612292126524e-07
psc-gh,1.1659065401129863e-06
propeptides,6.947749320433384e-05
cbp,0.0077444294700084685
caged-xeno-2-dna-polymerase,0.0006585579227558766
formamide,0.008460126077413851
reca-2,0.0007505940590405528
blanket-chassi,7.545921915956943e-08
superconductor-servomechanims,2.8820093721194158e-05
trits-earth-sample-turd,4.82975105627452e-05
kevlar-coating,1.6737743773924678
nbfe-alloy-2,7.073223170044907e-05
cobalt-sulfate-02,0.008373895543772563
molten-nickel-00,0.0003110023458417603
czts-slab,0.17430137038964189
diamond-wire,4.953136735439463e-06
rotor,0.03710629871360737
stator,0.0005980198229096457
print-shell-immunosupressants,0.005812427214762135
nanocarrier,1.4074913365023457e-05
alien-enzymes,0.021861764919600013
cysteine,0.00012064756980024423
mmp,4.863190665302215e-05
yotoi-4-free-leaves,0.40503563452511177
zogna-bacteria,1.5932997724767868e-05
full-render-arqads-music,0.0008162745860637706
print-pineal-immunosupressants,5.061580434962613e-05
alien-sample01,8.087427171463903e-05
earth-sea-sponge-sample,18.604300880651337
sea-sponge-codex,0.05550947199763079
fungal-substrate-03,0.00041737905927547326
high-grade-tin,0.0005300846580063675
nex-grade-2-crush,0.1193405021134652
dbr,3.426658283866159
micro-cavity-core,0.1498132445431425
cladded-core,0.002681583215247976
prepared-glass,0.005830066769642127
dieletric-mirror,53.36141716394447
crude-top-layer,0.023526907428631602
phenothiazine,0.00010096655486385402
triethoxysilane,0.011240709039135337
perovskite-nickelate,0.0040433008926201485
aeroorgan-ink,0.00019341179326330796
gbl,0.001654427121559227
zinc-finger-proteins,2.6205596227232507e-05
dimethyldichlorosilane,7.790992920024396e-06
capacitor-core,0.0012595355548060407
capacitor-termination,0.0010978711392765055
diode-core,0.04205787092118151
molybdenum-filtration,0.07902981333743064
cold-clean-air,0.0003172825700402649
crude-cermet,0.0020963310182268804
pesticide-mk01,6.079844749680755e-07
pesticide-mk02,1.1170977689475164e-05
cadaveric-processing-02,0.0013432752840641421
stone-wool2,0.00038169687395418647
low-distillate-to-coal-gas,0.0019947289031956384
cadaveric-arum-mk04-juicer,4.117976793347573e-06
sodium-chlorate,0.008749767558015938
carbon-aerogel,18.727486115526094
sb-11-conc,0.20573366364884108
coal-pulp-03,3.432162701840052e-05
intermetallics,0.3448881419868238
auog-paddock-mk03-with-dirt,0.020316445211671624
nems,0.38501953277531037
paper-towel,0.00032890200694460207
minor-extract-gas-from-coalbed-3,0.03731623481884762
medium-distillate-to-stripped-distillate,5.6482665275029685e-05
silicon-wafer-2,0.9855391921210384
pbsb-alloy,15.453624405997752
print-meat-immunosupressants,3.2037906746652682
pelt-processing,0.2779640527401467
full-render-cottongut-music,1124.6452052739617
dt-fusion,5.064168721899054
extract-methane-from-coalbed,47.21965923356986
anthracene-gasoline-hydrogenation,0.001768203961295424
Phadai-Dance-Dance-Revolution-1-piezoelectric,840.3799717947811
pa-zinc,1.9979056152279997
sb-oxide-02a,0.005542312010389194
chromium-02,0.2701658875750059
biosynthetic-nylon,2.3101018610990327e-05
pa-aluminium,0.0019199850566758421
lens,8.22593824911017e-05
nanofibrils,17.785942012388308
lead-plate-1,25.02020188003677
low-grade-smelting-copper,0.0176118292926085
filtration-media-2,87.19408136813578
hotair-flask-2,1.4778308845340902
fluidize-coke,0.010028475098484493
gd-oxalate,5.035208295452537e-06
nexelit-plate-2,0.23118451095964052
silver-plate-3,0.00012797616472754784
gas-bladder-to-acetylene,0.013994019265263686
sulfuric-acid-01,1.9480744389077165
agzn-alloy,0.006471662170058141
pa-gold,0.00029543914961887544
pa-vanadium,1.0129611143024946e-05
methane-py-fertilizer,0.7037421176575708
plastic2,2.4761416738763105
outlet-gas-04-breakdown,5.102273753256832e-07
log-wood,5.776791438945421e-06
phosphoric-acid3,0.4593192867857439
hydrogen-peroxide,0.03662459687427615
deuterium,0.0013886554280232854
sporopollenin-gills,1.6867547372435403e-06
urea,14.93117800051903
noooo-dont-turn-that-horse-into-glue,0.0746577087680862
biofilm,0.03357647442072695
petgas-from-refsyngas,0.00916694753194582
warm-air-1,0.1101865790380012
low-grade-smelting-iron,0.16202710758956176
co-biomass-extraction,14.257654438925675
battery-2,0.003737292294998405
scrondrix-experimental-treatment,0.027416557940782026
mukmoux-calf-2-microchip,2.5595837292253925
titanium-plate-1,0.3185893614579713
full-render-simik-laser,0.00028762042991327386
wax-to-lube,104.54846275347047
rubber-04,5.187368307466615e-05
sncr-alloy,1.677000759944662e-05
bitumen-refining,5.0600977708119763e-05
dhilmos-egg-2,0.0009042347556244851
xeno-egg-3,7.393975019436709e-05
caged-cottongut-3-cannibal,0.25276370580628643
full-render-vrauks-music,0.0006946483179022088
full-render-trit-lard,0.012632863020230168
sea-sponge-mk04,0.043250632354087125
navens-mk04,0.0036650517099114585
seaweed-4,1.75422677177348
tin-plate-1,0.006079652345921969
pa-oxygen,0.02982527235626676
cadaveric-arum-2-msa,0.9499584009364784
molten-solder-2,0.00011732507410327796
syngas2,267.0006044136329
limestone-void,6.478584390666202
starch-2,0.0034762967426249236
yotoi-fruit-3-nutrient,147.89108913381784
coalbed-gas-to-syngas,0.03888082368987635
scrude-to-hydrogen,9.92521744888803
diesel,0.027337283289765143
nickel-plate-3,0.031712650383707984
guts-to-chlorine,0.0015516543028993737
drill-head-7,4.233611419555301e-06
psc-cbp,0.10926811085225031
bhoddos-4,1.0490932375764541
vrauks-paddock-mk04-with-lamp,0.013831923313639447
full-render-zun-music,0.37372619653366335
manure-3-mukmoux-turd,4336.666164455404
energy-drink,0.12014614616179223
phadai-3,0.00033400391631317283
fawogae-mk03-with-xeno-codex,515.7379787595768
Phadai-Dance-Dance-Revolution-4-dubstep,0.1445835083936871
hbr,0.06906605806037004
fiberboard-mk02,0.2797431382617546
coal-phenol,0.0032579934661193816
molten-aluminium-04,0.0017259806054321463
boron-trioxide,0.0009810192987874378
glass-5,0.0001974373593310025
xyhiphoe-cub-4,6.310132681395094
fiber,0.014749720182853612
sodium-carbonate-1,0.0070565978256954655
molten-lead-01,1.4533884382494631e-07
molten-copper-02,0.0024896766866822264
kicalk-4-saline,4.034755795994691e-06
full-render-zun-laser,0.00011060192998934121
full-render-ulrics-music,0.9078729105803612
sand-washing,0.01085125103595147
coal-fawogae-buffed,0.009742458952172656
cellulose-02,0.03140584099349711
stopper-2,9.906945297831466e-05
petgas-to-refsyngas,0.0003909461845028691
molten-nexelit-01,0.012887939611689582
sl-01,0.04956972514747132
kimberlite-washing,0.03726397079268868
slacked-lime,0.24176161581138492
print-chitin-immunosupressants,0.03704396017506068
empty-petri-dish,3.834033023038667e-05
bolts,0.00541869375688488
full-molten-stainless-steel-4,0.004504825635272719
oleochemicals,2.004294374314735
jelly-to-kerosene-01,0.008063909176704357
olechemicals-from-skin,0.02340861918887537
molten-titanium-05,13.176647220196736
raw-gas,0.0006346514740013926
naphthalene-oil-creosote,1.2070483751937405e-05
benzene-aromatics,0.0001678738745808817
ethylene,0.0007058912275477104
anthraquinone-from-naphthalene,0.012934585088280893
bhoddos-spore-upgraded,0.004676760612586987
navens-spore-3-sterilization,330.1449676007811
raw-fiber3,104.59782822444905
breed-fish-3-agressive-selection,1.553208220860629
breed-fish-3,0.011130238365414134
phytoplankton-2,9.028317789584049e-05
breed-fish-egg-4,4.223673660651712
lab-instrument,0.04701353993157126
organic-solvent,3.000027443354874e-05
formaldehyde-from-refined-natural-gas,0.010334646195864106
slacked-lime-void,6.530795007352054e-05
molten-iron-06,0.00528006870395127
oleo-gasification,1.4542971249957033e-05
melamine-2,0.0008046234406100286
zinc-plate-3,0.0006431047496666749
inductor1,0.00043275555961880724
manure-2-mukmoux-turd,626.3602685084761
mukmoux-4-bip,269.504985994218
fecr-alloy,9.788997169672774e-06
tinned-cable,1.1083268501528518
hotair-empty-honeycomb-2,1.254139146176018e-05
agar,339.79247384152364
xyhiphoe-cub-2-acetone,0.052858393221552884
bitumen-to-heavy-oil,6.254900449682686e-05
molten-zinc-02,9.280728116053861e-08
molten-silver-02,0.00033939563207809905
pipe,4.9749786714858224e-05
wax-buffed,4.1164670383294186e-05
molten-tin-05,7.794902419988828e-05
molten-chromium-03,11.392909008322745
stripped-distillate-to-cumene,0.001293019070088586
pa-propene,0.2379307446767759
fatty-acids,7.445135681519364
retrovirus,0.00027924112491755813
sea-sponge-mk03,0.0005401805733995707
cottongut-cub-3,2.0244696361160712e-05
grod-seeds,2.6197340312936634
moondrop-4,0.07166095351331207
bio-scafold-4-with-lamp,0.06548395769650628
trits,1.8910037433230553
nbfe-alloy,2.587033796069406
molten-nickel-02,23.602992755556635
yotoi-3-free-leaves,0.005322329190723211
zogna-bacteria-darkness,0.5550977077927639
full-render-arqads-laser,0.00034607930731232544
print-pineal-fs,9.767290297913544e-05
iron-ore-dust,6.351811072167446e-07
cadaveric-arum-seeds,0.006184853498571467
stone-wool,1.4338890481988929e-06
cadaveric-arum-mk02-juicer,0.00037609667093490954
path-2-advanced-recipe,0.06904857623646592
diamond-rejects-screening,0.00010718191423048026
monocrystalline-plate,0.1174322538376124
print-gas-bladder-immunosupressants,0.0016980861753780523
b-molasse,4.4872316877582965e-08
yellow-cake-uf6,346.96729331173634
hydrogen-chloride-quartz,0.9852275529611023
mukmoux-4,0.019059405654347054
ticocr-alloy,0.9490328349873333
high-purified-sb,0.0019867351696942126
micro-fiber,444.6759945967977
aniline-02,0.000361116731115881
bitumen-gasification,0.3224473081567933
abraded-rennea-seed-filtering-mk04,1.7439828123528944
bisphenol-a,0.00473336044846789
arthurian-egg-4-hot-stones,29.340473931861272
mixed-ores,0.031993871280514764
battery-mk00,0.010806941818755848
advanced-substrate,0.36073746053630845
cresylic-acid,0.005621072645399607
z3-reagent,0.15750808568959138
kicalk-5-rotation,0.0006818183746141061
laser-turret,6.835871126444623e-07
hotair-casting-gear,0.0010236786025703023
hotair-casting-copper-cable,2.3675345869876067e-05
alien-sample-02,0.010859653496432208
earth-shroom-sample,10.376294730707503
navens-codex,0.4339930198004152
vonix-codex,1.9680275182461716e-06
guar-separation,0.017933600282634205
yotoi-seeds-cold,2.9909493776158716e-06
naphtha-arqad,0.00032960601193173395
greasing-3,0.025750073257737528
acetic-acid,0.013712001525455793
acrolein2,1.0623724681929188
simik-titanium,12.668897649050031
sap-tree-mulch-mk04,0.03955029653157726
redhot-coke,1.657790957162176
self-assembly-monolayer,0.002947939332656065
auog-paddock-mk02,1.1340712266566706
sugar,0.08331641317633005
gh-xenogenic-from-skin,0.6312495677648735
lignin,4.122047025693617e-06
magnetic-beads,20.721778084115982
fungal-substrate-02,0.10751658604292233
Moss-5-chlorinated,8.756433263317269e-05
ns-material,29.29284328892281
vrauks-paddock-mk02-with-lamp,0.00030114265581161244
syrup-01,3.941446339182529e-08
casein,2.6010805709597005e-05
rennea-mk04,1.2922829861036652e-05
guar-gum,0.004079370015931784
phadai-pup-7,2.1760990480877133e-08
fawogae-spore-3,6.3981315479394825
xeno-codex,44.88128443645495
fawogae-mk03-breeder,319.22872142396284
ralesia-extract,0.0065629626315297455
trichlorosilane,0.12096019721783001
antimony-phosphate,0.0048609274173856375
ammonium-mixture,1.9492725390457348
sb-pulp-01,7.061580511377926e-05
dowfroth-250,5.185524182325763e-06
treated-wood,2.481828628308819e-06
chromite-pulp-07,8.746048547861322e-05
glycidylamine,0.6591294715888197
organic-acid-anhydride,4.801927189387479e-05
oxalic-acid,0.13158757310722663
ammonium-chloride-2,0.029922706122940464
py-sawblade-module-mk02,8.145209771111668e-07
full-molten-super-steel-1,3.9149181643617132
sinter-aluminium-2,0.007945260117691146
lithium-peroxide,6.963521481193858e-05
high-grade-quartz,0.01998863892025976
air-pollution,7.02797701477297e-06
pu-242-transmutation,1.347374941937717e-06
albumin-2,8.770533034307244e-06
ethylene-chlorohydrin,9.352020912408921e-06
er-oxide,0.004719142176412864
hotair-ndfeb-alloy,0.0025496745090138545
grade-4-copper,4.6147707074883585e-05
resveratrol,0.0306125767328202
yaedols-4-hot-air,0.03614489208027056
nickel-carbonyl,0.0003908324317826511
caged-xeno-3-dna-polymerase,1.9146028044487503e-06
primers-03,0.004822042143568022
arthurian-egg-4,0.004586540576489266
stone-distilation,8.185627252421952e-05
fungicide,0.14946464347639496
clean-rf-gel,0.17930595355972878
zinc-chloride,0.0033948162519345116
prepared-quartz,9.341067141171301e-05
stripped-th,0.02515974731118694
high-grade-nexelit-2,0.05716653993373312
ag-biomass-extraction,0.0007486855395375912
milling-ree,0.7534354905799291
nitrobenzene,0.0014215373941040197
soda-ash,0.01588754881594508
serine,0.42223817008048375
gold-solution,17.251050639262882
ti-enriched-dust,0.001301048745378079
vpulp4,0.0031386281281628233
pitch-refining,1.3998485136421467e-05
ree-solution,1.2757832460301588
wood-seedling-turd,0.0020774814726750327
magnetic-core,4.9143768418219795e-06
phosphorus-tricloride,1.0054822800747122e-07
dried-meat-01,1.3627604703764459e-05
hotair-casting-equipment-chassi,1.055199654685595e-05
kmauts-ration-chitin,0.000673726135988567
sugar-wax,20.667405924459537
simik-coal,0.13821757679167448
glycerol2,0.00042160194319062116
nic-core,0.3693684759373696
grade-1-iron-crush,0.1959790443194011
crystalized-gd,0.19424498567763826
clean-organic-pulp,0.42640928368227143
formica,0.00027778828532844994
powdered-aluminium,7.772796615715993e-05
lacquer-resin,8.766516286368807e-05
bakelite,0.001155258262945871
arthurian-egg-incubation-01,0.0010898241512788296
wood-seeds-mk02,4.972948720270784
guhcl,0.031387054349082275
hfip,3.383347113954887e-05
pre-fiber-2,5.962015912084582
polycrystalline-slab,2.1053821602354594e-05
metallic-core,0.011204718071074428
silica-shell,3.1973336068480174e-05
lithium-niobate-nano,0.0008466832822097429
methane-to-methanol8,3.3172656213494376e-06
concrete-02,9.301162010979898e-07
guano-explosives,3.0066224214943035e-07
drilling-fluid-3,3.776244403803117e-07
brake-mk01,0.5683811954882708
controler-mk01,0.2153560470476674
gearbox-mk01,6.099278947713336e-06
hotair-shaft-mk01-casting,8.007682087469381e-06
utility-box-mk01,0.010774516544001852
nexelit-battery-recharge,3.477812377457108e-05
cyanoacetate,0.38030414987576483
tin-slime-overflow,3.957161296277806e-05
grade-3-zinc,0.007569605261983972
processed-fatty-acids,3.914673161083937e-05
neuroprocessor,8.085760263231914e-06
latex-slab,0.37767983196856286
powdered-quartz,0.00033981141318555877
ball-grade-4-tin,0.004216074936410171
p2s5-2,0.9250774102438976
diethylaniline,0.001584475952837005
chloromethane,1.6869751557900326e-06
r4,0.2772763590995189
vrauks-cocoon-3,1.9754546823655605e-05
cytostatics-2,32.530608034765685
korlex-milk-4-pressured,0.0008114969503051908
art-vrauks,0.00015612539916726577
dhilmos-earth-sample-turd,0.37502402695181625
zungror-with-yaedols-codex,0.013400977914354285
drilling-fluid-0,6.177629129891132e-06
numal-earth-sample-turd,0.17584535915460162
zungror-earth-sample-turd,3.602219163223157e-08
subcritical-water-03,4.327311905004755e-06
moondrop-seeds-mk02,0.0027230555553665278
sodium-alginate,1.252949456217622e-05
nitrogen-mustard,0.0001638122981021078
print-dingrit-spike-immunosupressants,0.020215744924467344
gta,0.0003377044953833365
sc-coil,1.1945698206625725e-05
korlex-earth-sample-turd,1.1621501792851958e-05
xyhiphoe-earth-sample-turd,0.0020546976257825025
zipir-eggs-5-trits-gen,3.6522551527469307e-06
copper-coating,0.00019164235578838758
cobalt-sulfate,0.027281136308960056
nickel-pulp-02,0.00026640741110292636
peptidase-m58,8.412514320304543e-06
print-venon-immunosupressants,0.0014175188825787104
burner-inserter,3.7923213649881586e-07
caged-arqad-5,3388.5971161483476
automation-science-pack,0.0024595886991177836
high-tin-mix,0.7092918482919557
grade-3-nexelit,0.0004325875552413265
cladding,3.702848989689005e-05
simik-quartz,0.0016600184006913016
stannous-chloride,0.013657194671579302
mirror-mk02,1014.3530786909814
pre-phenothiazine,0.42031879438245096
propene-to-butanol,2.6169045310979787e-06
sb-silicate,0.004172847860951379
neodymium-nitrate,1.6008890652300005
nickel-nitrate,0.007618189573699997
aeroorgan-buffed,0.1391627761148848
sb-pulp-04,20158.396384976768
butynediol,0.005602097734245233
adam42-gen-laser,0.019676076754612592
hotair-re-tin,0.007461084003001818
molybdenum-pulp,1.6021883756413856e-05
yaedols-3-hot-air,0.003886141681735191
pre-pesticide-01,0.05258772090269906
pre-pesticide-02,0.00017148016033109443
cadaveric-arum-mk04-seeder,0.0028857382902287066
high-ash-fines-reclamation,0.006809053456892426
fenxsb-alloy-2,0.04941968095479055
vitreloy,0.00323964702343785
py-heat-exchanger,0.0031629466342625403
nanozymes,0.13602218246737988
denatured-seismite-2,0.009796709738709405
zipir-a-6-suicide,0.0842289645049791
full-render-cottongut-laser,141.825303394856
extract-gas-from-coalbed-3,8.029179829661068
stripped-distillate-to-gasoline,1.2295143335384774e-05
proton-donor,0.005303476210757555
sb-oxide-02,0.031082070000038597
pa-chromium,9.601028810392618
aluminium-plate-1,0.2203949228333806
lead-plate-2,0.01662549001619246
copper-plate-4,2.2188634812719807
filtration-media,0.09920707046189778
hotair-flask,0.006385249963556098
extract-ammonia-scrude,0.00294580562258222
pa-silver,0.006725035271523352
crushing-quartz,7.431063342222172e-05
full-render-xenos-music,0.9288276379609605
vpulp3,589.3530002951668
plastic-from-casein,0.11291961476038438
scrubber-outletgas4,0.049543433896183244
hydrogen-sulfide,0.6153700303670931
hydrofluoric-acid,3.79969014236519e-05
blood-to-urea,1.0504773613431393
breed-fish-egg-3-doused,0.00707447847381981
biofilm-pyht,2.458739947799671e-06
aromatics-to-petgas,5.009181788048906
simik-hot-air-boiler,0.1319081832981867
iron-plate,172.46160544536866
battery-1,9.675863716834004e-06
microchip,63.01673094889831
titanium-plate-2,34.01018885946163
honey-comb,0.000578776537885446
full-render-simik-lard,0.0006864715359672291
olefin-lube,5836.42046933498
rubber-02,3.6541727339495125e-05
dhilmos-egg-4-skimmer,6.500164367103824e-07
xeno-egg-4-cheap,4.021957693492128
caged-cottongut-3,0.23452607018701258
full-render-vrauks-laser,0.0191110123045422
seaweed-4-dry,0.0867376273440926
tin-plate-4,51.2178561398986
syngas-methane,0.6181281190523262
cadaveric-arum-1-msa,4.032029359455492e-21
molten-solder-1,4.872977559242095e-05
ash-sap,0.24423243562955416
soil,2.6742084096152408e-05
mova-pulp3,8.22274963347987
yotoi-3-nutrient,1757969.0124467674
naphtha-to-h2,0.022173502853479327
light-oil_from_syngas,2.214979843102593e-05
print-tendon-fs,1.0573187081260567
pa-nickel,42.98117834587289
gas-bladder-to-chlorine,687.979158730466
xyhiphoe-3-hot-cold,11414.180602384593
mining-limestone,0.008381143297940779
drill-head-6,0.032961078626524316
psc,0.39234144138838467
bhoddos-3-exoenzymes,4.0335380965110714e-06
vrauks-paddock-mk01-with-lamp,27.041209393330128
full-render-num-music,0.005533003347680187
ulric-4-manure,58.83003380090881
phadai-2,0.07418332681133714
fawogae-mk04,75822.88260068651
hexafluoroacetone,0.032024301505140754
fiberboard,0.11609590691862703
phenol-02,0.007177881618260262
molten-aluminium-01,0.39205692051541746
glass-4,0.16813767881419747
saturated-nexelit-cartridge-regen,2.9390272900447545e-05
molten-copper-03,5.931858922714098e-06
kicalk-3-saline,0.4317094726398945
cottongut-science-prod-seeds,346.48066606370446
full-render-ulrics-laser,0.004235270276423122
niobium-dust,0.19937106097425786
cellulose-01,236.11188442511238
coal-slime-overflow,0.0005479482382055457
molten-nexelit-04,1.4167637555562924e-10
dedicated-oleochemicals,0.012910847173073718
carbolic-oil-creosote,0.00028389613520445896
stripped-distillate-to-benzene,5.099542214370453e-07
tholin-to-ethylene,0.0010021500727716963
log6,0.00010934498754609105
bhoddos-spore-3-upgraded,0.2315490248736005
raw-fiber-casein,4.549058025150441
fish-food-01,0.08313192523236289
phytoplankton-3,16.475051611538756
breed-fish-egg-3,28.974079169586687
arqad-propolis-01,1.806588264144663e-08
naphthalene-solvent,8.328131462496881e-06
methanal,5.181326363446533
lime-from-shell,0.005653234381387223
molten-iron-01,0.0009449677477973503
aromatics2,29.197532560841395
ree-float,0.000397132579259468
mukmoux-3-bip,207695.03961628274
mukmoux-calf-4,2.2211978715453053
unrefine-refined-natural-gas,6.802097123018919e-07
xyhiphoe-cub-1-acetone,0.8436927058323106
low-distillate-to-heavy-oil,0.033211676595311226
molten-zinc-05,5.940495410512729e-05
molten-silver-04,0.01673131035467429
wax,0.472512539788534
molten-tin-03,2.2691857372001062e-07
molten-chromium-02,3.1953628838951953e-07
refined-natural-gas-to-condensates,2909.9585965979986
medium-distillate-to-high-distillate,7.724308852198734
tholin-to-propene,6561.18422286827
skin-fatty-acids,0.0022860353781579616
cheap-retrovirus,0.010618626671983026
waste-water-recycle,0.001207174579012945
xeno,0.0016986602994036436
cottongut-cub-2,0.011537863609791178
moondrop-3,0.0021099522270225705
bio-scafold-3-with-lamp,3.403827870877973e-05
trits-4-dc,35.39122045777455
molten-nickel-01,0.0009409413969520185
yotoi-2-free-leaves,3.912474781654452e-05
full-render-arqads-lard,10.69385034310416
iron-ore-dust-2,0.14108375957218725
cadaveric-processing-01,5.013483794382627
coalbed-gas-to-coalgas,0.0013051916255072279
acidgas-2,0.3927106603106658
coal-pulp-02,4.489427647095268e-05
acetone-void-degrease,0.4807121075231027
auog-paddock-mk01,0.06341255146330244
print-gas-bladder-fs,1.3560487333700186
bio-oil,0.16768405500650146
aniline-01,0.000600405285542448
cridren-4-neural-cranio,0.004194804945694865
full-render-num-laser,4.365630120317434e-06
copper-cable,0.1731331772960327
guar-seeds,0.03202443838023816
yotoi-seeds,0.07001706955052034
guts-to-acetic-acid,0.00022981599052262952
ticl4,0.016722654702332678
sap-tree-mulch-mk03,0.00826423349850791
honey-to-sugar,2.301533089439401
gh-xenogenic-from-meat,0.008346375026443689
Moss-5-without-sludge,8.164075452151527e-05
vrauks-paddock-mk03,5.150452142209404e-06
phadai-pup-6,0.09069440517043202
fawogae-spore-2,383.70715766544123
sb-58-conc,0.06951896525452603
albumin-1,0.005265118141813077
ndfeb-alloy,0.007718490335585169
dna-polymerase-2,0.14499895994413736
primers-02,0.008824294129239985
guar-4,0.003698776859865519
high-distillate-to-anthracene-oil,0.0034514896616919906
equipment-chassi,0.003428779785731463
worm-wood,0.00011825324656521283
methane-to-methanol6,0.009628992327329175
shaft-mk01,0.0036225817098668274
p2s5,0.02649638950488379
vrauks-cocoon-5,0.06411348031283066
korlex-milk-3-pressured,0.010727798572379255
huzu-earth-sample-turd,0.04633946583506775
chorkok-earth-sample-turd,5.317882858054509
moondrop-seeds,0.21176120082938613
mukmoux-earth-sample-turd,7814.513093987015
zipir1-earth-sample-turd,2.681597120532896
zipir-eggs-4-trits-gen,1.3701916424464238
art-arqad,0.016190119788976724
re-tin,3.98657818179005e-08
yaedols-2-hot-air,0.00014874179782715593
polycrystalline-plate,0.23880322516788666
xeno-rc-breeding,8.230035486303949
sodium-aluminate,3.9221262072110568
wash-coper-low-dust,0.03417760129130765
gd-mixture,0.0062702785181555235
clean-nexelit,11.801921355492478
enriched-water-distillation,0.2297885833754774
warm-stone-brick-2,0.046643697280843846
rennea-co-3,3.285557057389476
nanochondria,0.005663426190414398
arthurian-codex,0.001390547929353769
bitumen,0.006074676482742707
dhilmos-food-01,2.315966129111839e-06
sea-sponge-mk03-breeder,0.01148085873504584
navens-spore-mk03-sterilization,235.8681999654462
navens-mk03,171.35567495944423
powdered-ralesia-seeds,112.25389596406455
kerogen-extraction,0.1646447360906332
fawogae-mk02-with-xeno-codex,168.4163923372206
crude-salt,0.007742202863518966
reduction-aluminium,0.045811857479530226
concentrated-zinc,0.42963841113010875
sinter-copper-2,2.5055858005734546e-08
slz-pulp-02,0.12259622327643567
screening-kimberlite,127.85928217443268
full-molten-stainless-steel-3,0.706362445446715
sinter-titanium-2,0.002147914159646554
chitin-void,98.87923527126924
mox-fuel-seperation,0.010616863441117726
simik-iron,18.703440249409912
caged-arqad-4,394.90877683422605
sinter-tin-2,8.417143993742097e-05
reduction-chromium,0.006467721093061262
middle-processed-lard,0.06354854087692542
sea-sponge-mk02-breeder,173.4151688774345
nickel-pulp-01,0.4433484961156995
grade-2-iron,0.11003505892270372
cadaveric-arum-mk02-seeder,0.00010867052001056658
diamond-concentrate,0.05319713638619772
monocrystalline-slab,7649.147459489312
a-molasse,0.0006282543220117588
simik-uranium,7.89926942388611
fluorine-gas,1.066935535590717
sb-conc,38.15376747785719
rennea-mk04-dingrit-pup-digestion,1.7940242558587007
arthurian-food-01,0.016488008631018396
arthurian-food-02,0.25604591480048194
tbp,0.0014321770245491923
processed-ash,0.4999760101942117
ulric-cub-4-saddle,8.849435685802615e-07
cridren-sixth-layer-organic-acid-anhydride,225.28917032073628
wooden-chest,0.018194298645212433
fawogae-codex,0.666694348821961
jig-separation,0.004967210007305829
sap-tree-mk04-gen,6.171901123775632
ptcda,9.173025632954165
sweet-syrup,1.2334857061999593
fungal-substrate,5.798814709088603e-05
chlorinated-water,4.406913224375075e-06
vrauks-paddock-mk01,0.0014243328140180105
seeds-extract-01,7.987711225733905e-07
casein-pulp-02,0.012017267785477702
rennea-mk03-breeding,0.0018410526553938754
ralesia-mk03-breeder,7.13972081969626
grod-al-3-tailings,0.20940639516145715
yotoi-fe-3,0.0342472208870716
raw-ralesia-extract,3.422858165192497e-05
fuel-cell-dissolve,0.004508303804722595
sb-dust,0.0028146337501814126
ethylene-glycol,1607.242681547095
chromite-pulp-05,0.017670706407432943
py-sawblade-module-mk01,24.492437261804774
pu-241-transmutation,0.016846035045979035
impure-er-oxide,0.11656301632245683
grade-3-copper,9.850164818399252e-05
yaedols-spores-coke-oven-gas,0.0715031901123663
alcl3,1.77382105355185e-08
rf-gel,0.00023428486714253144
quartz-pulp-02,2.9365764798413902e-08
re-pulp-04,1.0789897451008386e-05
nexelit-refined-pulp,0.0007125792102092441
seaweed-ag-3,0.002533250598342845
crusher-ree,227.90862143589143
gold-precipitate-2,4.899887739803913
powdered-ti,0.0022433831275637506
pregnant-solution,0.9455997495407192
ree-slurry,0.02288950834767601
gd-stripped-solution,1.8878876939282517e-05
organic-pulp-02,1.1145596788297903e-07
logistic-science-pack,0.00024675886165137067
chemical-science-pack,0.0005529727190585727
tree,287.29022565599905
libr,1.1453932255821573
pre-fiber-1-buffed,2.245784091561292e-06
steel-chest,3.9119355540414536e-06
sodium-citrate,0.0034187497112870466
chloroauric-acid,0.006944533655201545
teos,0.006945986675632915
ammonium-nitrate,3.725468284413969e-09
nexelit-battery,10.13772906360108
tin-solution,0.007187874019821932
powdered-zinc,0.015944337778483905
creamy-latex,0.0020275277033027744
wash-grade-3-tin,0.4924811509492998
r3,12.451277419106072
vrauks-food-01,0.00023954627867723698
vrauks-food-02,0.02367906824010288
decalin,0.18696517970852986
korlex-food-01,0.00010112404332330389
korlex-food-02,0.0036467199802891477
bioartificial-guts,9.710172026952765e-08
biomimetic-skin,0.001233192853459293
in-vitro-meat,0.004651697410388004
laboratory-grown-brain,0.000126518857200949
scafold-free-bones,2.9129301745097555e-09
tissue-engineered-fat,0.0007781356622999238
dhilmos-codex,0.002744842666246755
earth-goat-sample,9.016608133793506e-07
earth-spider-sample,0.0005811338774908195
yaedols-codex,0.16414552402318072
zungror-codex,0.005154786666068308
numal-codex,0.00017125709120529794
moondrop-mk02,0.008432753007575386
flutec-pp6,1.4776858990795322e-05
ethanolamine,0.0987956416146204
coil-core,2.626826627204282e-06
korlex-codex,0.0008217794284761355
xyhiphoe-codex,0.006170651655434422
zipir-food-02,1.0928541883070658e-05
arqad-egg-nests-4,4.307588145009277e-06
planter-box,0.014516693278710684
tin-pulp-03,0.0031706386058075347
nexelit-rejects-recrush,0.5228149785946359
crude-mirror-2,0.006334655279749723
filtered-silicate-solution,0.44827478081643163
numal-improved-4,2.906971982155248
sb-pulp-03,0.0005444421363762993
aerofloat-15,0.01427278703850828
personal-laser-defense-equipment,9.253271737959414e-07
molybdenum-concentrate,0.005086492272583903
chloral,2.6112452011648912
mcb,2.307633952568972e-05
dda,0.00224111667268886
ethyl-mercaptan,0.0007562771290951976
cadaveric-arum-mk04-item,23.88336884089117
fines-pulp,159.69606505879338
py-tank-7000,2.507856377823454
automated-factory-mk01,2.7068752104315747e-06
mpa,0.008273747839260112
deuterium-fusion,4.4474620176190955e-05
zipir-a-5-suicide,580616.5395308746
full-render-cottongut-lard,138.62789219577513
deuterium-sulfide,4093723.4000148578
light-oil-aromatics,44.42289279554271
copper-plate,31.17464339531953
filtration-media-3,2.408155135253684
flask-2,0.0075637322224308854
organic-solvent2,0.014427783710360555
full-render-xenos-laser,3.0842184455189274
soot-to-gold,0.0058571986104701676
plastic-bar-02,0.006542781979006172
scrubber-outletgas2,9529.692793346083
xeno-phosphoric,4033.044628422604
waste-water-urea,5.0482058756424874e-08
breed-fish-egg-2-doused,0.07982150090861043
gas-bladder-to-hot-air,0.0017384836625275331
iron-oxide-smelting,4.415838954131805
titanium-plate-4,3.3330380746282197e-07
full-render-simik,0.12080259913326241
lubricant,22.37215286727944
rubber-01,0.05192520669358075
bio-oil-2,0.07241492908012127
dhilmos-egg-3,4.781556002397755e-06
art-cottongut,274.6903778392452
full-render-vrauks-lard,0.18509148940633938
seaweed-3,0.28992726701528454
venom-gland-to-dynemicin,0.00025473838710381955
tin-plate-2,0.35199585486502416
methane-co2-with-lamp,0.7817042567484773
syngas,30.888935813461043
muddy-sludge-void-electrolyzer,0.2951880896611781
zn-biomass-extraction,2.5559965982207564
yotoi-fruit-2-nutrient,1870.5708889353623
unrefine-refsyngas,34.22579196867695
high-distillate-separation-hydrogen,141.28571373160176
fluorine-to-olefins,0.00042372211523792415
tar-refining-tops,0.21362637408715388
full-render-kmauts-music,2.565235952452944
nickel-plate-2,14679.73857548281
blood-to-chlorine,0.3875107057740084
xyhiphoe-1-hot-cold,0.058923217593987436
calcinate-separation,0.6429511145837443
drill-head-5,0.01092987373592246
enriched-ash,4.591126177246846
hmas,0.0020849507266895054
bhoddos-3,0.0013767204934017278
yeadols-to-chelator,0.011598480595348027
small-lamp-casting,0.001556850492768844
full-render-kor-music,0.0019218951393412452
ulric-3-manure,27790.349430354592
fawogae-mk03,2630.717950460306
tbp-2,2.7929798082309597e-08
sand-void-glass,0.06000227152191232
xyhiphoe-cub-3,0.6956202400683044
fine-powdered-biomass-irragration,0.0014804304876969623
molten-lead-03,0.00011594936978267803
enzyme-pks,0.005987927375749732
kicalk-mk04-breeder,800.315426572456
full-render-zun-lard,0.009738344644358238
cottongut-science-py-seeds-80-20,1.8643986232426938e-07
full-render-ulrics-lard,0.10909463235778055
sb-grade-03,0.24216169989915273
cellulose-00,1.5711970708018688e-06
refined-natural-gas-to-refsyngas,94.33461012234378
soil-washing,2987.8312806139124
simik-blood-to-oleochemicals,13.459689606316216
pa-benzene,4.395275785161848
log8,0.0003029844567003241
caged-xeno-4,0.0013454223295437482
bhoddos-spore-3,8.727991948285342e-06
raw-fiber4,314.7314890826259
breed-fish-2-agressive-selection,12855981.36199009
breed-fish-2,1.908588472637222
phytoplankton,1980344.97730754
breed-fish-egg-2,0.19723028778647456
arqad-jelly-01,0.006135301538505848
xyhiphoe-hydrocyclone,16.620174843639592
tholin-to-methanal,12.97942006704097
kimberlite-into-lime,0.0009768103943205912
sponge-stone-brick,0.013423219043477269
outlet-gas-04,0.0004390308175788642
manure-1-mukmoux-turd,17892.307046376325
mukmoux-calf-3,6.112929663589498
arqad-filled-honeycomb-3,0.00030330483909048173
Scrondrix-Manure-3,197.1445545934794
methyl-acrylate,0.07013356826330631
propene-to-acetone,2.7245328471717456
scrude-refining,6.11900875334447
molten-silver-03,3.010810662852456e-19
molten-tin-04,2.5376736484962174e-08
oleochemicals-to-fatty-acids,7.325185383746092e-05
zungror-cocoon-3,0.0015802158128388494
sea-sponge-mk04-breeder,19.781472798373255
art-xenos,1.4788352507882469e-05
cottongut-pup-mk01-raising,9.386613143168642
moondrop-mk04,0.03990570188168459
bio-scafold-2-with-lamp,0.1897552122693888
molten-nickel-02-2,0.0007483358417333632
print-shell-fs,0.32285671645360303
yotoi-1-free-leaves,8.572356388108105
full-render-scrondrixs-music,1.9552697293520924
cadaveric-acidgas-01,3.1213595358735803e-20
biomass-destruction,0.007370808719960665
acid-gas-fawogae,3.727091244915765e-05
pyrite-make,0.0005613963624486813
full-render-phagnots-music,0.0073516710960099315
quartz-tube,0.06995483046621848
full-render-kor-laser,1.6865620123414904
natural-gas-refining,20.800317699071385
sap-tree-mulch-mk02,0.19488691096018682
Moss-4-without-sludge,0.0464624563723026
gh-xenogenic-from-guts,2817.449523463511
Moss-5,0.003320322451079871
vrauks-paddock-mk02,2.4562828301127017e-07
rennea-mk03,0.5303546639260132
phadai-pup-4,8.203529108551258
fawogae-spore,7248177.26183977
simik-chromium,0.0003598681700492522
guar-3-guarpulse,2.4978234124215058e-05
wood-seedling,810.603901581
honey-wax,2.1545750627206375
wood-seeds,5.7943413020041715e-06
korlex-milk-4-doubled,0.0012368454469051714
vrauks-5,0.00012133953621100164
vessel-to-ground-earth-sample-turd,0.19839896139200752
strorix-unknown-sample,0.023203012578028547
earth-cow-sample,24.884566802296117
earth-crustacean-sample,0.0012113498327595874
zipir-eggs-3-trits-gen,0.0007692919798489899
caged-arqad-3,0.0009738401180243251
sb-final-conc,0.18111453972461483
adam42-gen,1.4827293881685198e-06
print-pelt-immunosupressants,0.1449023217357034
navens-mk03-breeder,0.006485039782960354
crude-from-manure,94225.41278343121
caged-arqad-2,0.4401422619864545
ulric-cub-3-saddle,1767.554998748933
cridren-sixth-layer-ethylene-chlorohydrin,58.302716758681576
sap-seeds-mk04-gen,6.5192580508239235
biomass-sporopollenin-nerfed,0.0005104553892326853
rennea-mk04-seed-seperation,0.14217117469675877
yaedols-spores-3-coke-oven-gas,0.822100918018154
pre-fiber-1,2.7441166439292013e-22
numal-raising-6-deuterium,0.004845178792453606
zipir-a-4-suicide,0.6613390997497399
arqad-egg-nests-3,9.229053806289403e-05
grade-2-lead,0.0002712406237063055
grade-2-copper,6550.572440337522
vpulp2,0.6794714512229539
cadaveric-arum-mk02-breeder,0.06429758921051894
ti-rejects-recrush,30.40542286432366
mova-pulp2,26.736720480797025
micro-mine-mk01,0.007637199053352711
ulric-food-02,107.9216930669936
simik-copper,0.00023273657558147735
niobium-powder,95.2094438952066
reduction-nexelit,1.4253555594178126e-07
casein-solution,0.5153344406426948
sinter-iron-2,0.7339279991038543
sinter-zinc-2,0.18300517474204936
sinter-silver-2,0.0006356534339434659
sinter-chromium,7.454853722349452e-05
trits-cub-4,0.0001235420276024242
grade-4-nickel,2.1413974507113663e-05
iron-concentrate,1.4550711573635562
coal-pulp-01,0.0004892445738110339
sap-tree-mk03-gen,6.364866615633348e-06
worm,0.019988622321837277
thikat-earth-sample-turd,8.96969029202057e-06
coal-slurry,0.00042953305510355216
perfect-samples,0.0004354924228757241
pheromones,0.00036631955551712925
earth-bat-sample,0.00014733484998176655
mukmoux-codex,7.2500466534865975
zipir-codex,0.04744309080232732
zipir-food-01,0.12230507072797268
al-pulp-04,0.18268290844408233
classify-low-grade,0.16712010997021937
re-pulp-03,0.5910218953035062
enriched-water,0.08505142850364988
bitumen-froth,0.003631367351302382
sea-sponge-sprouts-mk03-breeder,0.034277937760336025
quartz-pulp-01,0.0010610466457518046
navens-spore-mk02-sterilization,80.45091517839994
navens-mk02,613507.8789469991
purified-zinc,0.00030787011713450903
reduction-copper,0.0016995558611216915
slz-pulp-01,6.917134579554668e-05
kimberlite-recrushing,1.6914645644707505e-05
full-molten-stainless-steel-2,0.022206481738905503
reduction-titanium,0.003295371552527081
mox-molten-salt-01,0.0421780696739724
reduction-tin,4.516899971263758e-06
sea-sponge-sprouts-mk02-breeder,529.9218992560042
prepared-nickel-pulp,0.08812355935110644
cadaveric-arum-mk03-item,0.16576767990062707
diamond-tailings,0.035762033543789845
quartz-crucible,0.003312312333422901
dingrits-cub-4,0.009961605366282359
pyridine,4.453497442714314e-06
washed-ash,5.28075146380822
saddle-b,2.4251342020044482e-11
jig-diamond-concentrate,0.00010642881237690371
casein-pulp-01,1.1792231238935056e-06
abraded-rennea-seed-filtering-mk03,2.205975496823351e-08
ralesia-seeds-mk03,0.005831744766048556
ralesia-powder,6.9143964237584296e-06
sb-crushed,6.348792859858061e-05
chromite-pulp-06,0.16277416829229271
pu-240-transmutation,6.0127065555162165e-05
er-oxalate,6.25947208345078e-07
nexelit-pulp-04,19.07331311791063
ti-pulp-05,0.007556421814184868
mibc,0.12099373001998438
acid-strip-solution,234.0674667546893
organic-vanadate,0.07033258034592646
animal-sample-01,0.00011293418707554158
nuclear-sample,2.7555828580982294e-06
citric-acid-01,29.80012702591537
free-guano,6.313416030098814e-09
powdered-tin,0.1920240870787212
grade-4-zinc,0.5269857334082524
grade-3-tin,1.1472315985119988e-05
r2,0.0009481113005593683
py-science-pack-3-turd,0.03993996110303994
empty-comb,7.271111667233025e-05
empty-planter-box,1990.633507638248
silicate-solution,0.004488365398443916
antitumor-2,0.00017911703813146452
molybdenite-pulp,0.007877824772528142
cadaveric-arum-mk03-juicer,0.2141793137011291
coarse-coal,3.1830884477680783
storage-tank,0.00018106908894334096
inserter,4.4640999770750087e-07
crude-enzyme,5.705052336110122e-06
salt-solution,0.004689798981430092
b-h,3.426986088966103e-10
print-meat-fs,58501.61692194232
zipir-a-3-suicide,5485019.728652818
full-render-kor-lard,311.36733098620584
helium,4905670.768804542
anthracene-gasoline-cracking,718.9291200890344
sb-oxide-01,0.01632384275221531
chromium-rejects,114.5879925439626
al-pulp-03,2559.9245220117423
flask,0.3273063717433837
tholin-to-ammonia,0.0003832993525042201
greasing-1,48914.823061997595
silver-plate-1,0.005159077901594628
full-render-xenos-lard,0.08235619758343476
oleochemicals-bioplastic,0.1758292304772878
olefin-petgas,0.002704929890156719
ex-bon-sim,0.1073397347409896
caged-cottongut-2-cannibal,65.48311751014006
full-render-vrauks,2.141154104712886e-17
navens-sample,11625148.506970469
seaweed-3-dry,0.0064923515650688966
gasify-coal-dust,765.3778627510999
ti-biomass-extraction,2462.720908902523
yotoi-2-nutrient,11864246.813843975
pa-hydrogen,6289975.5997836245
dirty-reaction,2.8462873876487694e-13
tar-talloil,895.6959696481655
full-render-kmauts-laser,0.02528853897509942
quench-redcoke,9.846098362532487e-22
soil-separation-2,55775.031323304305
bhoddos-sample,207.13428304108683
small-lamp,283.4630448049723
full-render-xyhiphoe-music,2.3968590164935284
ulric-2-manure,8249078.286009532
fawogae-sample-with-xeno-codex,383108.9855061879
ree-concentrate2,11.78954091428789
glass-3,2.0305054711952493
xyhiphoe-cub-2,317.08682867114726
molten-copper-01,7.227304845663533
full-render-num-lard,20.833956334108372
print-bonemeal,0.01101272570388561
grade-1-u-recrush,254660255.8418068
niobium-concentrate,0.0037407494057291575
anthracene-oil-creosote,1.3872336563052219e-05
caged-xeno-3,0.009210686129029526
bhoddos-spore,2.054550844178393
navens-spore-2-sterilization,61898.745955602986
raw-fiber2,13.601098298246603
breed-fish-1-agressive-selection,173362.576037135
fish-mk04,4456.064830616052
jerky-to-phytoplankton,6313.0006675360755
fish-egg-mk02-breeder,17462.050982949237
sand-brick,1.307642349508714
molten-iron-03,1.364303986672015
mukmoux-2-bip,64.09124927104473
arqad-filled-honeycomb-2,1.1180679083310995e-05
empty-honeycomb-2,0.00031353705341819084
manure-4,303327.2181708037
ex-blo-sim,284.7513264273254
black-liquor,0.12375714415972532
oleo-heavy,9.81950569148657
gas-bladder-to-propene,0.00010364061709279557
zungror-cocoon-2-rich-clay,8.753709634023977e-21
sea-sponge-mk02,448955.4366433821
cottongut-cub-1,1.9077582131066506e-16
moondrop-mk03,0.003158122892517285
bio-scafold-4,0.006417737436122622
trits-4,0.0010210491923797155
yotoi-fruit-mk04,14424.893520792819
coal-gas-from-wood,8128.034165126182
full-render-phagnots-laser,0.001898706675183712
artificial-blood,43.65127242978769
scrubbing-purified-syngas,0.05578830856305754
full-render-xyhiphoe-laser,30.81282755287127
acrolein,0.0072978058905189954
sap-tree-mulch-mk01,0.014353468868805728
Moss-3-without-sludge,0.21243243781842347
Moss-4-chlorinated,0.28792499815281153
nano-cellulose-sap,0.007774116413798679
yaedols-4,0.8573428310013317
dna-polymerase,1.179946914224424e-05
primers,7.037320437729924e-05
high-grade-nexelit-1,3.7937443389360024e-05
methane-to-methanol3,0.002375536029246094
vrauks-cocoon-4,1.943084677659558e-05
korlex-milk-4,0.0004949079552429385
vrauks-4,153.06382188887258
dhilmos,0.03154076751153646
zungror,0.002253561014344841
gobachov-earth-sample-turd,0.0002798458781626881
print-dingrit-spike-fs,0.002319744315428414
zipir-eggs-2-trits-gen,0.011178917387851544
full-render-vonix-music,9.797531673203811e-05
aeroorgan,3.340609957125222e-05
sea-sponge-sprouts-3-flagellum,0.0031296314182936197
navens-spore-mk03,5.1631892663330445
fawogae-mk02,231697.67223180228
used-nuclear-fuel,0.006830756273741379
korlex-milk-2-pressured,526.743883976169
sea-sponge-sprouts-2-flagellum,49.323552051574524
ulric-cub-4,0.0006717853997741349
cridren-seeds,0.002678488545372582
arqad-maggots-1,0.00297106049651297
high-distillate-condensing,938.8086095684541
grod-al-3,165051.59424690474
titanium-overflow-waste-void,142.80928211311513
zipir-eggs-5,8428.316581608397
arqad-egg-nests-2,15.580076098451004
outlet-gas-02,1095100.7488723954
high-grade-copper,2.4500652178125
conditioned-fines,0.018136552621294804
sap-seeds-mk03-gen,0.22096957473358816
earth-potato-sample,0.8839742835168158
navens-mk02-breeder,1340.1191010811517
dingrits-cub-3,2.1231454431907835e-16
saddle,0.00024615615597971984
grade-4-ti,15.057886037817516
arqad-mk04-breeding,0.0007867414812708124
tin-ore-rejects,1222.699884662313
moss-zn-3,4.089630877631511
nickel-rejects-recrush,1074.6509979248185
regolite-calcination,9868.228264645351
guar-nb-3,2.625428637024971
phosphoryl-chloride,0.00030020299280585777
powedered-biomass,5431.941606821061
high-grade-sl,0.0002480683795949162
kicalk-mk04,118706.89485595768
sb-grade-02,31.648943210267067
cadaveric-arum-mk03-breeder,0.014265264507448245
reduction-silver,0.0001001605945749577
sea-sponge-sprouts-mk04-breeder,29.63463277661252
cottongut-earth-sample-turd,21019.259427147423
moondrop-mk03-breeder,0.023408688383529257
moondrop-seeds-mk04,250.31558274407504
nickel-pulp-04,0.0007103414066766143
sap-tree-mk02-gen,0.01728606478998571
rennea-mk02-breeding,0.004937680298568845
vessel-earth-sample-turd,0.24923144656011686
simik-codex,0.05209706159705098
sb-pulp-05,0.0016007780753381842
xyhiphoe-mk03,107153.52825319972
depolymerized-organics,476.2986591974157
rennea-mk04-breeding,0.12651660317477856
numal-raising-6,1.0048347597125782e-05
numal-food-02,0.0001763159975923149
grade-2-lead-crusher,0.039892701207090826
vpulp1,0.019961537561635836
outlet-gas-01,0.8641697351194507
mova-pulp1,2.150810635210498
fluid-drill-mk01,0.9784913120290994
reduction-iron,3.3163736735078266e-05
reduced-zinc,0.0010905772128349093
grade-3-nickel,0.306572742898555
classify-iron-ore-dust,0.00014660775084894084
xylenol-2,97.96781195350923
nukavan-earth-sample-turd,0.0012672564057792139
magnetic-organ,0.011809234910323202
glandular-myocluster,7.598244908074734e-05
polynuclear-ganglion,0.0010145938930907167
intestinal-ee,3.2987175977874955e-06
subdermal-chemosnare,0.0079884293593663
geostabilization-tissue,0.019969771598967175
cognition-osteochain,0.00019276074633290508
dimensional-gastricorg,0.008540388351775226
adaptable-automucosa,0.0006538992470574341
hormonal,0.0004294569170536251
cryogland,0.021727297818499497
lcc,0.00036656884970943785
sternite-lung,0.002720631569350891
vsk-duplicated,2.2196826012149415e-07
autoantigens,0.003837691513825129
py-science-pack-4-turd,0.004274908785110216
bat-codex,0.0003305306363123665
re-precipitate-02,98.32647670728858
crush-oil-sand,0.00047429312622713035
oil-sand-slurry,0.0002119329809496887
zinc-pulp-03,6.309733080111336e-09
full-molten-stainless-steel-1,0.0008450659587852681
kimberlite-pulp,1567.5924487440034
dingrits-food-01,6.952885670066516
dingrits-food-02,1.79909058978821e-07
acetaldehyde-1,0.0017704458680836005
casein-mixture-03,0.0003632416163661293
rennea-mk03-dingrit-pup-digestion,0.008711357299981584
dry-ralesia,0.0002717384160432904
chromite-pulp-04,8.798318074088916e-05
pu-239-transmutation,1.5198532385255285e-05
nexelit-pulp-03,0.003017267367586831
armac-12,0.5494719293727691
ti-pulp-02,0.001055719005078511
vanadates,3.197725360002102
vanadium-concentrate,0.00013602658781715083
workers-food-03,1.6937777481721026e-07
tin-concentrate,6.11515937934409
r1,0.00014295583411784454
passivation-layer,2.302454948511548e-05
enediyne,0.0010297883358037772
simik-molybdenum,0.7164618888709098
cadaveric-arum-mk03-seeder,6.491989918141049e-05
pure-natural-gas,165.90194798977973
crushed-coal,0.00012754958457169327
ammonium-sulfate,0.00014472977242080282
pre-enzyme,0.016571996134033116
nuclear-molten-thorium-reactor,9.92583442992041e-06
caged-antelope-8-5th-dimension,2.2025166654367987
gas-stream-filtration,35189259.0089743
condensed-distillate-separation,5584.367399847937
bhodos-ur-2,930022.5119116722
urea-decomposition,0.02106431189689148
re-precipitate-01,0.17448479491105068
soot-to-silver,1.5620959421578658e-05
sulfuric-acid,4.49705856416742
vanadium-oxide,0.009470347836291635
nylon-plastic,0.002636601494360031
breed-fish-egg-1-doused,5.990887326555587
xeno-egg-3-cheap,1.2137169868023612e-07
caged-cottongut-2,2.985224613328662e-17
sea-sponge-2,2592731.596993066
navens-3,4.042446200138528e-05
seaweed-2,0.0014731580644567171
glycerol-syngas,1250.5691745735123
sn-biomass-extraction,24994.78886052243
fertilizer-5,1030436.1102044383
glycerol-hydrogen,1352832.36767184
stripped-distillate-to-olefin,2.6940702478787313e-07
aromatics-2-diesel2,0.011363310441054927
extract-limestone-01,946613.3641308991
coalbed-gas-to-co2,18.52449406951971
bhoddos-2-exoenzymes,0.09505089181408259
seaweed-to-chelator,1.5103656246761183
full-render-zipir-music,0.01564475668769207
bedding-improve,5258.916684842137
phadai-mk04,0.717736544126593
fawogae-sample,1541834.0873377065
acrylonitrile,0.15685243405714697
cumene-distilation,0.03713959042053827
glass-2,0.8995705284513065
bonemeal3,227.4493658864317
low-distillate-to-kerosene,0.11901775964548501
caged-xeno-2,18.107772941059295
high-grade-silv,0.0019313005893557696
navens-spore-3,2446429942.424991
yotoi-fiber,16027.69992669796
fish-mk03,14690.271811088804
breed-fish-egg-1,51.72516711496256
bone-solvent,0.1417670886503187
mukmoux-1-bip,97781.83403055227
mukmoux-calf-2,14.64088851390147
mukmoux-calf-1-microchip,6.73540999732195
arqad-filled-honeycomb-1,0.006820900912726728
sea-sponge-1,65.41386975087647
moondrop-5-cu,2.0879124278930834
bio-scafold-3,0.08044395839803689
stem-cell-recycle-3,18.375716444919725
trits-3-dc,6.553074898605464e-17
yotoi-fruit-mk03,1.4347365197373452e-16
sb-low-conc,5.988361996178659
full-render-phagnots-lard,2.723146103786151
tailings-separation,2856.000955430057
abraded-rennea-seed-filtering-mk02,1.8125257850547338
cridren-4,3.395923959371737e-05
full-render-zipir-laser,0.00016566605693310902
sponge-rich-clay,11442.863762439167
sap-01,0.000698145805582615
Moss-5-without-sludge-for-real,0.7055787963958547
yaedols-sample,9.699044036806141e-19
caged-xeno-1-dna-polymerase,1.2852769421100185e-20
methane-to-methanol7,0.0376416334713159
vrauks-cocoon-3-no-water,1.1446449481256012e-06
cytostatics,4371.981741426112
vrauks-3,0.04607201628570861
zungror-raising-3,3.3626173694146874e-21
korlex-4-slowed,0.06993028120979695
auog-earth-sample-turd,0.5878169050051426
subcritical-water-01,0.017161439913510792
zipir-eggs-1-trits-gen,0.006691319332423753
grade-2-crush-lead,0.006758467279904468
korlex-milk-1-pressured,0.09205773498703955
reheat-outlet-gas-2,5.436576075959035e-11
ulric-cub-3,1085611.2085366838
yaedols-spores-2-coke-oven-gas,6.841388655112047
numal-raising-5-deuterium,0.24852668472014658
moondrop-mk02-breeder,13.633575632361024
moondrop-seeds-mk03,0.008827344272249637
zipir-eggs-4,3044283.3157972055
arqad-egg-nests-1,4.286959960468128e-11
numal-improved-3,0.09294510612752083
grade-1-lead,78409.36289124466
grade-3-ti,17.521967066823063
rennea-mk03-seed-seperation,0.013644817776686346
trits-cub-4-mgo,3.7028822812261855e-07
navens-spore-mk02,1.3649829373007185
dingrits-cub-2,0.004523037772575442
titanium-pulp-stage-3-void,0.0014221993432330198
arqad-mk03-breeding,149.26559735142453
grade-2-nickel-recrush,1.2858594508722403
kicalk-mk03,3044321.2119724345
kicalk-mk03-breeder,5605.229087083894
cottongut,1.035258959560588e-13
moondrop-mk04-breeder,37.662322692155705
sap-seeds-mk02-gen,2529.9655671434953
numal-egg-6-neutron,0.6165856564864913
earth-bear-sample,0.01585302535728868
purier-helium,1512026.5353014392
prepared-chromium,1.3891685382298917e-07
al-pulp-02,2331.8448536115225
alamac,802.738447400181
simik-improved-4,0.020142944659328674
yaedols-ti-3,26.438506187167217
bhoddos-codex,9.995505257596248e-05
ulric-food-01,11793.599466814063
grade-1-u,89723.26525709983
fish-mk04-breeder,11942881.706134994
fish-mk03-breeder,3333708.239633387
high-grade-iron,4.99544327955187e-05
simik-improved-10,1273.0168771886415
yotoi-mk04,7626.283281187599
sap-tree,1299.6132572933589
bulk-inserter-2,0.0015262419343800143
vonix-earth-sample-turd,0.00016322251457315305
arqad-egg-5-cold,0.0213431632577475
ti-overflow-waste,10.754421197779775
copper-pulp-04,0.0020037576863094738
coal-fines,1.6422101578991286e-07
tuuphra-codex,0.00027309802578489515
xyhiphoe-mk02,32435.028967013615
arqad-mk04,0.034972858934966974
arqad-filled-comb-4,0.003933260327063522
milling-regolite,20.399164969599006
sl-concentrate,0.00023568143717562706
sb-grade-01,170.07909450780636
earth-mouse-sample,0.2157100844761478
cottongut-codex,0.6475740929609276
nickel-pulp-03,5.433384488515914e-05
sodium-cyanate,0.10029801637630015
yellow-dextrine,0.8250150587532491
blue-liquor,0.06577165519230355
mova-washing,238.56870079107267
steam-engine,0.7981949968847869
burner-mining-drill,0.5140719206179537
high-grade-zinc,0.0336204900969423
atomic-bomb,2.2936873012476065e-06
auog-maturing-5,4.248895568897419e-05
ulric-improved-8,2.0920555892752294e-05
auog-mods-3,0.030626485224288878
arthurian-11,0.020360134620098287
Caged-scrondrix-15,0.005883726380549807
caged-phadai-12,1.3840955964817466e-05
phagnot-improved-2,668.3061426965248
xeno-improved-4,0.00014406980737746808
zipir-improved-10,0.09608597039747968
simik-improved-8,0.060862640608575755
korlex-improved-14,0.00012972086927592782
cottongut-growth-enhancement-5,0.003732023501786428
arqad-improve-4,0.06159743745275152
zungror-improved-8,0.00019094634174810187
dhilmos-inproved-6,0.019940621151919625
vonix-cub-3,9.67289376151296e-05
re-pulp-02,0.00017822867480172475
zinc-pulp-02,0.01462331308254479
chromite-pulp-03,0.30366756090199737
nexelit-pulp-02,1.136316337205221e-06
ti-pulp-01,0.3524042710025312
pressured-vpulp,0.02472516030943268
workers-food-02,1.576143280512483e-10
rennea-mk02-dingrit-pup-digestion,2.1967081599180585e-06
anolyte,0.08091365143153328
purified-natural-gas,9.7250851804845
buffer-solution,21.65859830428132
print-bones-immunosupressants,1043420.448624523
full-render-xyhiphoe-lard,11.619442764247898
zipir-a-2-suicide,59319.81770256097
full-render-dingrits-music,341.26836433313275
oleo-methanol,257286.18791102438
moonshine-gasoline-pressing-1,10722.719558793297
liquid-petgas,192006.48761662675
gas-bladder-to-ammonia,0.0008913899692654073
wastewater-recovery,19403151.59872438
aromatics-to-plastic,0.4613721700850054
phosphoric-acid2,6.076794551805339e-08
low-distillate-to-lubricant,7.475875069998886e-06
xeno-egg-2,1612.650899934598
caged-cottongut-1-cannibal,0.002493162888138871
ex-blo-vrauks,311.93038509828637
navens-2,0.019264613596853837
seaweed-2-dry,4087414.3057501665
filtration-dirty-water,137019.34398218404
pb-biomass-extraction,48.176357689850065
fertilizer-2,0.03305266139233799
gas-bladder-to-hydrogen,0.028542655134469706
refolefin,201971.06458265928
tholin-to-chlorine,2.6917496956304534e-05
nitrogen-pyfe,1316927.012683211
bhoddos-2,10529.524261421004
geo-he-02,475.6080877349515
phytoplankton-to-chelator,97621.24572405842
ex-used-dingrits-music,0.01614855975165649
bedding,66.58560789545034
phadai-mk03,198.76248797871813
fawogae-with-growth-hormone,9.907149194561937
bonemeal2,2844152.9222453753
moonshine-kerosene-pressing-1,30.397782102968144
caged-xeno-1,2.0532920328954775e-06
navens-spore-2,7.91355488963568e-05
kicalk-fiber,2117.9388876061766
fish-mk02-breeder,4891.623619583944
fish-hydrolysate-cooling,20.392864563307253
fish-emulsion,200.40645118740534
solvent-separation,0.04024835836100711
pa-aromatics,391.079999267936
mukmoux-calf-1,236.94518175458057
fetal-serum-01,0.10242128223378133
zungror-cocoon-2,1.865968007262659e-20
water-saline,684.774309498886
xeno-mk04,1.0394191602896058e-05
moondrop-4-cu,0.015670478931119794
reca,0.028301348402201845
trits-3,0.0002231224141081513
yotoi-fruit-mk02,89847.099766194
zinc-overflow,8136.74669746372
cog-void-soot,19311.829811748255
liquid-manure,734.332528240389
full-render-vonix-laser,0.0017825253065678812
xyhiphoe,10958.022036188124
Moss-4,736.6971963848276
yaedols-3,699.0990450769914
nexelit-ore-1,27737.15562090041
collagen-glycerol,4407228.21740785
explosive-glycerol,0.000378101591270013
vrauks-cocoon-2,0.004389539798283482
vrauks-5-no-water,8.732810226048314e-05
art-dhilmos,1.338990750627349e-05
korlex-3-slowed,38811.499651122605
requester-tank-earth-sample-turd,140.32330661233553
trits-codex,0.00034331363238558117
lithium-salt-fuel-seperation,4.786043948559643e-10
reheat-coke-gas,0.006525148439010812
yaedols-spores-3,1.0577361781322817e-15
bhodos-ag-3,9337.642255837907
numal-neutron,0.057177770878813025
korlex-4,0.502202409701066
trits-cub-3,3.644053458556636e-19
dingrits-cub-1,2.171662380498148e-05
ti-pulp-03,0.7914358937310125
arqad-mk02-breeding,0.47942575474254917
antitumor,1.3074857606187199e-05
fine-powdered-biomass,95556.97472817893
kicalk-mk02,227401.99193846455
kicalk-mk02-breeder,24279011.167145047
kicalk-seeds-mk03,139.03053636213
numal-egg-6,5.331740245362412e-05
dingrits-4-training,1.3466462864464446
fish-mk02,3832293.5832656748
sap-seeds,0.04516958467663004
vonix,0.0009040337750834924
sea-sponge-sprouts-4-flagellum,41609.64712343542
arqad-filled-comb-3,0.0022409592517130335
molten-thorium,0.0006106951060221499
liquid-petgas-separation,4718950.642016687
re-pulp-01,1637.4147565254757
grod-sn-3-tailings,743.417399069813
dried-grods-02,1595032.1074250808
yotoi-mk03,4.4272488745851815e-23
korlex-pup-4,0.2171513538494077
auog-codex,0.006844481236572007
numal-food-01,0.20514313179513705
grade-2-ti-crush,0.009417020336662748
arqad-mk03,93.02525224678148
liquid-rich-gas-distilation,31295363.21384233
chromite-concentrate,0.8869081153552816
bmp-2,0.012463086204980059
fish-egg-mk04-breeder,5646794.03083305
fish-egg-mk03-breeder,617026.3480661216
iron-pulp-07,0.018577023049484158
recombinant-ery-2,2.0442120098187805e-05
yotoi-seeds-mk04,14.704344569184132
tuuphra-nacl-3,5955.221182653548
fast-inserter-2,0.0018906899735164015
earth-flower-sample,6.535851222722276e-06
dingrits-earth-sample-turd,0.0002766163482265543
arqad-egg-5,0.009101274481686487
ti-solution-02,0.14917075481224826
copper-pulp-03,0.000522327243954799
copper-solution,0.0013307910749494225
acid-solvent,0.00297761796024051
thickened-coal-fines,0.0011147817690356169
vonix-raising-3-cancer,0.07222225615736018
arqad-mk03-hatching,19.20634612653945
moonshine-gasoline-1,0.12566827202012168
moonshine-kerosene-1,77.86157230880094
regolite-recrush,637.4447737106437
sl-03,0.025415755174049728
nickel-tailings,0.052211143341051335
vanabins,0.006274966490395689
stone-furnace,0.015579338982620405
zinc-pulp-04,2.6221435871306373
auog-food-01,1.7792245674104075
auog-food-02,0.0036773136293386374
auog-pup-breeding-5,7.669004015573675e-07
anabolic-rna-2,0.0009936872460908467
orexigenic-2,1.604589649101531e-08
zinc-pulp-01,0.004217801304621693
chromite-pulp-02,1.2046527909337474
nexelit-pulp-01,262.8387154801733
workers-food,3.3738564318978643e-06
rennea-mk02,0.0003584625852382435
hot-solution,0.034868679843411424
guaiacol,0.006640433496894743
thermal-neutron,8.077299234827591e-06
full-render-dingrits-laser,8.471024792405764e-06
refsyngas-from-meth-canister,1713225.8485781194
liquid-pure-air,1370.8307210137013
muddy-sludge,3531.1459544252752
full-render-xenos,143326.49653159096
plastic-from-melamine,0.004658790254735679
full-render-fish-music,47939200.88238652
oleochemicals-distilation,8047.495333707136
fish-oil-to-lube,6.763399270823505e-06
xeno-egg-2-cheap,0.0002681773879807691
navens-1,1619.5416040778362
seaweed,7499513.4907919
fertilizer-1,4.188841394427021
hot-residual-mixture-to-coke,0.0017953052348047935
high-purified-gas,13734599.348554552
bhoddos-4-meltdown,0.659005490641564
kicalk-to-chelator,436704.67528840265
full-render-phadais-music,1.0684039144467605
kicalk-dry-bedding,28.226787646495453
phadai-earth-sample-turd,0.00607904291428517
fawogae-with-special-substrate,4794.08432915701
kicalk-2-saline,24508224.771636702
refsyngas-from-meth,0.1789956632847769
cadaveric-processing-03,0.6919060670023015
heavy-oil-to-kerosene,920.3480950069766
navens-spore,0.04800657924116813
fiber-01,9.440697910422857
breed-fish-1,21008285.09868269
fish-hydrolysate,11926.409144712523
zinc-plate-1,2.759424888423926e-07
manure-3,7742.5383950330315
water-saline-pumpjack,467.84766162825827
xeno-mk03,0.00018111240902551768
moondrop-3-cu,4.87194361033331e-07
bio-scafold-2,3949175.6353181093
stem-cell-recycle-2,6.860205879100596
art-trits,0.000744233225660412
yotoi-leaves,68.73944954534869
full-render-scrondrixs-laser,7.509155069609673e-11
coalbed-gas-to-acidgas,3.469460742670859
tin-bottom-pulp,89470.69435320229
full-render-phagnots,125.91370636105584
cridren-3-neural-cranio,0.0005991193857143221
ex-used-dingrits-laser,0.29962216507658873
rich-clay-2,2676039.573156061
art-xyhiphoe,1.2503016456534726
Moss-3-chlorinated,0.008894388987481648
yaedols-mk04,12.98937620342412
arthurian-egg-mk04-gmo,54.72764237527696
tholin-to-glycerol,0.032934645699110386
vrauks-cocoon-5-no-water,121.11611400531035
korlex-milk-3-doubled,1.0012769965432277e-05
vrauks-3-no-water,0.008388035282071035
dhilmos-4-double-intake,0.0076641057481231884
zungror-raising-2,6.786963094908207e-21
provider-tank-earth-sample-turd,24.454817545399138
pa-233-seperation,2.8651251774253858e-05
yaedols-spores-2,62.94952035052122
zipir-eggs-3,0.3501116374258812
trits-cub-3-mgo,1.5309397706347186e-05
high-chromite,10.555994436025882
empty-comb-2,8.609078990152435
kicalk-zn-3,0.0013784232868040466
kicalk-seeds-mk02,121537688.91916126
dingrits-3-training,0.056911224915692865
arqad-filled-comb-2,0.05619346395089758
vonix-direct-raising,0.07807850396279979
grod-sn-3,1.2432964380840219e-15
dried-grods,0.737066670451093
korlex-pup-3,0.05117951305865405
earth-wolf-sample,0.0008833514953530145
arqad-egg-4-cold,7.619850089342936e-06
vonix-raising-2-cancer,13552.61925101383
auog-food-01-sawdust,0.00018403067458449326
auog-food-02-sawdust,0.0001975186750130985
vrauks-improved-10,596.3629180746915
grod-pb-3-tailings,0.0027101430639781287
cooling-tower-mk01,0.004942565205893251
yotoi-mk02,35.61375252613835
nuclear-molten-salt-01,1.3135327382815367e-14
yotoi-seeds-mk03,1.0355621169913723e-19
grade-1-ti,0.010976138951144044
arqad-mk02-hatching,198.6966615138531
moonshine-diesel-1,0.29247574527724496
liquid-rich-gas,1234291.5470455512
chromite-fines,5.058991643202645e-05
electronics-mk01,4.308521257351415e-08
ralesia-codex,1.421757018506037e-05
dingrits-codex,0.28400430429993784
ti-solution,0.40334105902366557
copper-pulp-02,0.0002837482653535694
vonix-grow-01,0.012060616326788953
arqad-mk03-incubating,0.18865632645913635
navens-au-3,0.0038461119703372152
crush-regolite,2.242800643521251
sl-02,8.915508629118012
nickel-overflow-2,0.05404836124280406
cm-250-neutrons,4.918768831184615e-08
print-skin-immunosupressants,512062.3792195391
print-brain-immunosupressants,264505.36666704726
full-render-dingrits-lard,45.52554571201922
waste-water-void,522861.3195913642
ammonia-urea,0.12427303294423338
full-render-navens-abomination,8847806.319990426
ex-blo-xeno,211.17273837373116
full-render-fish-laser,3.32031302423955e-05
aromatics-to-lubricant,6.0967841598496444e-24
seaweed-dry,0.46845013337952135
ni-biomass-extraction,7669052.385691777
fertilizer,0.29038549659075047
dedicated-syngas-from-hydrogen-1,35630385.58717437
bhoddos-3-meltdown,0.00016648714521054592
fawogae-to-chelator,1007.8054053845394
full-render-dhilmoss-music,32.92741489763315
fawogae-with-improved-substrate,39.73669166164255
molten-aluminium-02,0.00011826685382559207
kicalk-1-saline,76210124.80642606
bone-to-bonemeal-2,445790.18197443103
grade-2-zinc,7308790.8142194515
casein-melamine,0.04900211221573179
zungror-cocoon-1-rich-clay,4.5350914690429495e-20
sea-sponge-2-no-zonga,46553127.586192876
xeno-mk02,12.254019950806217
moondrop-sample,8.344411693439211e-09
tin-concentrate-2,3.0377861367754093
full-render-phadais-laser,0.0008314444010937838
Moss-4-without-sludge-for-real,0.0014137714437909856
yaedols-mk03,8.30881098971665
arthurian-maturing-4-abacus,0.1205234473422743
vrauks-cocoon-4-no-water,47.71525496399049
vrauks-earth-sample-turd,21.5730454860542
rennea-co-2,125.96445508449413
used-control-rod,2.825133437134995e-07
btx-to-xylenol,0.0006334951149148653
dingrits-2-training,7.68836379772241
arqad-filled-comb-1,4.821578914629379e-19
liquid-air-distilation,97456034.09803005
vonix-cub-2,41.296729286973424
rich-gas,68521.01152945127
recombinant-ery-3,507.85141659582126
arqad-egg-3-cold,2.3265865728806306e-05
residual-mixture-distillation,681.2001040749532
kicalk-5-dry,1753.9116919916037
phadaisus-earth-sample-turd,0.007358370742241606
phadai-codex,0.03380026409998669
frack-tar,1554.9304174679864
yaedols-spore-mk03-coke-oven-gas,1.314643070578831
yaedols-mk03-breeder,3.425892882636167
dhilmos-hatching-1,0.0008915262501429996
chromite-pulp-01,8.079935749723862
yotoi-seeds-mk02,5403486.19582867
arqad-mk02-incubating,0.2030411730834343
chromite-mix,1.7255150396085315
ti-pulp-06,2143.7941451553875
copper-pulp-01,1.9836712344545473e-05
am-243-transmutation-2,7.451832060147343e-23
print-bones-fs,12227980.462991364
full-render-phadais-lard,0.02547350934983601
sulfur-void-water,181514.02589390895
steam-heating,5545746.772330093
quench-ovengas,0.5065396010094483
dhilmos-egg-2-skimmer,0.150909226535554
caged-cottongut-1,3.6351998422976473
fertilizer-3,2592240.8019605507
tholin-to-hydrogen,3949285.553775725
drill-head-4,8037.295195982453
tholin-to-co2,56450774.394012846
full-render-arthurian-music,12906.561305040284
fawogae-with-growth-hormone-nitrogen,178.68251555771832
cyanic-acid-from-fish-hydrolysate,0.005570732003341752
trits-cub-2,6098924.268290301
kicalk-seeds,5295169.960323071
cottongut-science-py-seeds,108052.9038498484
grade-2-u-crush,87822.30596206602
residual-mixture,14.700590889259907
sea-sponge-1-no-zonga,131201955.8182542
bio-scafold,85626.23851183735
stem-cell-recycle-1,24244.81152188631
trits-2-dc,8.506616262584373e-16
nickel-prepared-solution,0.024845784317154857
full-render-dhilmoss-laser,0.02413311746511807
rich-clay,5.422249490448958e-25
yaedols-2,0.12908083365955078
arthurian-grow-01,10.57994966757384
concrete,96686.80811971474
korlex-milk-3,199.38766170114457
dhilmos-3-double-intake,4372.192876035401
zungror-mk04,5.567650049593916e-23
caravan-earth-sample-turd,1.425769227460155
oil-molten-salt-04,1.6212691130827788e-07
dingrits-1-training,84.18563850251903
sea-sponge-sprouts-flagellum,1749029.4486215357
phadai-mk04r,0.026040331905343134
arqad-egg-4,0.0006345992919878375
simik-earth-sample-turd,22.17315026458926
drilling-fluid-1,3780.9120566243223
yaedols-spore-mk03,0.00013733734690671133
curium-reduction,6.759398793736424e-05
navens-4-abomination,4224704.885201027
xeno-improved-8,239338.68445240415
ralesia-ni-3,3989632.6693241713
moondrop-codex,5.5752584788617905e-08
yaedols-spore-mk02-coke-oven-gas,26.136749109624503
yaedols-mk02-breeder,1.2084237777025428
abacus,0.810710072460902
vrauks-codex,0.016318656451323507
py-shed-basic,0.0002788497041906305
power-armor-mk2,0.000503910634577523
compile-phadai-ai,639.5855368421849
grade-4-chromite,0.006649014584084731
ex-used-dingrits-lard,325596.0116504171
mukmoux-fat3,310302.0380841707
msa-void-boric-acid,8444353.720887324
lightoil-to-syngas,507335.89090884087
al-biomass-extraction,27008152.48017418
fertilizer-4,421.5175102508306
cellulose-gasification,0.6765425623586654
drill-head-3,3.2458266421136434e-14
bhoddos-1-exoenzymes,136292.999677877
full-render-mukmoux-music,111.49316519491667
bonemeal-salt,225423.0852699
grade-2-crush,14.71174797346566
lead-refined-dust-03,633.9343979695321
print-chitin-fs,3029042.917865132
stone-brick-2,0.0006188251288965954
sodium-hydroxide-void,12190471.831591148
moondrop-2-cu,18805826.521010946
trits-2,73878916.18701214
iron-pulp-06,98694.49580460512
used-comb-oil-recycling,1.2860694133503399
full-render-arthurian-laser,3.838093502852098e-06
americium-seperation,1.7580061981486334e-20
yaedols-1-hot-air,0.00020391275898258581
arthurian-egg-mk03-gmo,0.022147799998011537
vrauks-cocoon-2-no-water,8.358262419792919
dhilmos-4-cover,2.4976685676848853e-05
zungror-mk03,23317425.602833513
earth-generic-sample,886.1575778850885
he-05,3.6813568130510573e-07
yaedols-spores,3.627209825694635
sea-sponge-sprouts-4,48625.73769419853
recombinant-ery,1.2159882417173906
arqad-egg-3,1.3465144567122095e-06
earth-tiger-sample,23.22751996969758
dhilmos-grow-01,178.23224489329235
yaedols-spore-mk02,2.0111221379792363
yaedols-mk02,0.20420119106826035
work-o-dile-earth-sample-turd,0.001085510101775524
americium-reduction,6.080250261185697e-05
hotair-casting-ht-pipe,0.045493021351979794
beacon,0.01883014821809689
cooling-tower-mk02,0.00033502284381939704
vacuum-pump-mk04,19.922740797470603
compile-phadai-im,0.2034404732527168
grade-3-chromite,1.7750882711089109
zipir-a-1-suicide,8091307.46527
methanol-void-denitrification,1159335.8166460898
bhodos-ur,24902852.81779049
dhilmos-egg-3-skimmer,3518.0049340448195
msa,82115.85387897004
nacl-biomass-extraction,269146.79259827296
fertilizer-fish-3,0.0032992212067400285
full-render-auogs-music,13194.862075999637
fawogae-with-special-substrate-nitrogen,61907.3930192055
molten-titanium-02,5.352240482444548e-08
manure-2,1142872.9895661445
saline-water,29972577.038716003
moondrop-2,19310634.16336311
full-render-mukmoux-laser,0.003395452201638666
Moss-3,81.44546586163116
yaedols-1,79.25571074345827
arthurian-maturing-3-abacus,168.97731547263632
vrauks-cocoon-1,0.2965175053130456
zungror-raising-3-with-funny-rock,151122.51861427282
earth-generic-sample-duplication,1.6101657580199633e-05
oil-molten-salt-03,3.812399795027613e-09
caged-arqad-1,214.23216421484628
grod-al-2-tailings,18381319.862008624
yaedols-spore-4,4602.339001245294
grade-3-iron-processing,96182.99249022154
arqad-egg-2-cold,6.692250818676439e-06
anabolic-rna,0.0006816551319475267
scrondrix-earth-sample-turd,0.36705080257557454
lead-refined-dust-02,1887.569754382069
iron-pulp-05,307656.14680599014
iron-chest,3.456150368870833e-05
py-science-pack-2-turd,1.7918663015626954
mega-drill-head,0.007313004165116247
ac-oxygenated,0.0018973633860504633
tower-mk04,17.5755757022567
vacuum-pump-mk03,0.003006170031167369
compile-phadai-codex,9.715130705100057e-05
grade-2-chromite-beneficiation,0.47737231922454415
plutonium-seperation-2,1267970.1937314104
print-guts-immunosupressants,670832.636108366
water-free,580.1694903958327
hot-syngas-cooldown,2029885.1459937736
starch,3874.5042801637805
fertilizer-fish-2,2317.199995435556
syngas-distilation,19890282.38732589
gas-bladder-to-co2,37.24009723736881
bhoddos-1,119307658.62210985
geo-he-01,143390.1507979695
ex-used-auog-music,33766.29378600726
fawogae-with-manure-nitrogen,88779845.5106206
xyhiphoe-4,1170445.7629888742
cottongut-science-blue-seeds-80-20,2.9034393886748074e-05
zungror-cocoon-1,421224537.1860617
gravel-saline-water,650.1655491518596
copper-pregnant-solution,505465.9484014126
full-render-auogs-laser,0.043164008680456445
Moss-2-chlorinated,5542.120582266293
arthurian-egg-3-hot-stones,5782474.616137658
methane-to-methanol5,1474847.9865519572
flavonoids,7.539873474462088e-05
he-04,1.342761413255553e-11
zipir-eggs-2,6799244.937965435
tuuphra-nacl-2,2372843.979914976
arqad-egg-2,3.292332085239021e-06
arthurian-earth-sample-turd,0.553973585860284
concentrated-ti,1.219473907563716e-06
earth-roadrunner-sample,0.0016202565931987805
scrondrix-codex,0.2821454871789093
iron-pulp-04,260941.76049796116
purex-raffinate-3,0.07818253563980623
tower-mk03,0.5147370182907643
vacuum-pump-mk02,0.11058093531922068
methane-co2,9643101.456585051
nb-biomass-extraction,17654751.65857322
xyhiphoe-cub-mk02-breeder,182462.88796606136
copper-rejects-recrush,0.005397089752272164
organi-solvent-pyae,1272317.8726891547
engine-unit-2,1.862941377310933e-07
trits-mk04,6079061.26535894
coal-pulp-05-refining,37776.33152269592
ex-gut-phag,70.10260355752793
ex-used-auog-laser,1.11551650461897e-06
auog-recharge-glowing-mushroom-mk04,0.06454402774013991
vrauks-cocoon-1-no-water,398909.33639290475
korlex-milk-2-doubled,31819403.5571446
zungror-mk02,339651.01310214394
oil-molten-salt-02,4.6752148073054595e-08
arqad-egg-1-cold,0.0002741730091133239
earth-lizard-sample,9.46576296841191
waste-mox-disolving,55.11467903709068
high-grade-ti-powder,7.29883949943251e-08
iron-pulp-03,3322183.049070031
purex-raffinate-2,42.84584183835906
tower-mk02,0.014624857267363883
print-guts-fs,114287653.48999728
steam-exchange5,158266.7186488184
moonshine-fueloil-pressing-1,315864.52081423445
coke-co2,19887349.407724444
bhoddos-2-meltdown,252099.28143471116
tar-quenching,166539.43739836552
trits-mk03,3870596.787988727
Moss-3-without-sludge-for-real,233861.87506038632
auog-recharge-glowing-mushroom-mk03,0.007663175549036416
zungror-raising-1,765860321.8681078
fawogae-mk02-breeder,2918403.9019397954
he-03,1.0560877060348537e-07
guar-nb-2,167780.93390236798
xylenol-3,2930575.022545593
xyhiphoe-mk03-breeder,4459265.4899822315
arqad-egg-1,0.00015380097095865543
iron-pulp-02,330572.14950259053
coal-pulp-05,455208.5975302998
phagnot-improved-8,0.28917477057166135
purified-ti-pulp-02,2.6234473550092795e-05
purex-raffinate-1,1.896356472717864
tower-mk01,0.9102054209353558
full-render-zipir-lard,52023925.34850544
ex-gut-num-neodymium,6023193.280961002
bio-oil-1,60456.61359778267
au-biomass-extraction,486315.527512339
fertilizer-fish-1,219523.04798780446
aromatics-from-naphthalene,1974583.697467334
co2-organics,9847653.515876563
tall-oil-separation,93833.05743640615
aromatic-organic,3694578.3505204576
trits-mk02,953804.4845640984
Moss-2-without-sludge,18860.442244026617
auog-recharge-glowing-mushroom-mk02,1.0485105274195485
methane-to-methanol2,1316378.7788938351
oil-molten-salt-01,1.274637850532403e-07
unslimed-iron-2,384207.2960424225
ez-queen,0.0001015589461301913
moonshine-fueloil-1,4492177.395343613
ralesia-mk02-breeder,1671965.420963195
xyhiphoe-cub-mk04-breeder,159188.69272688887
petroleum-sulfonates,67335.95394600692
ti-pulp-04,5.142585654135744e-07
uranium-washing-2,0.3792552743517144
steam-exchange4,241603.61997966628
natural-gas-to-methane,99685.81573122043
vanadium-pulp-3-void,1152626.9305129787
fe-biomass-extraction,5423798.358972107
tar-distilation,2314.3317918044067
fawogae-with-manure,68888500.55457793
bio-oil-5,290672.8282188731
trits-1-dc,26262914.305091538
fawogae-mk04-breeder,35374567.652530715
auog-recharge-glowing-mushroom-mk01,2.98426334525478e-05
naphtha-2-tall-oil,366964.63063672243
he-02,6.337775462261441e-09
navens-fe-3,7949776.657783185
zipir1,13653608.437233808
navens-au-2,76332.7597884995
arqad-earth-sample-turd,7.962523688646701e-05
arqad-codex,0.0013562014446321317
ralesia-seeds-mk02,43052864.326627776
xyhiphoe-mk04,313956.54991074
uranium-washing-1,0.14691513524419997
steam-exchange3,1036.8019337079766
full-render-vonix-lard,6644007.120983574
bio-oil-4,3.8165951902552697
moondrop-1-cu,35672638.64758405
greasing-2,333616.3101318606
rennea-co,7380647.17781451
gas-molten-salt-04,6.715525149501411e-10
yotoi-fe-2,19243.291453110392
xyhiphoe-mk04-breeder,160658478.3297477
yaedols-ti-2,8663507.353345603
earth-bee-sample,0.3243940542080374
ralesia-mk04-breeder,71568.98289159166
purex-waste-vitrification,4.149055681690095
glass-1,119.58001391578237
chloride-void-muddy-sludge,1464790.6073861492
he-01,3.700836931558258e-07
vonix-raising-3,17948935.446969774
ralesia-seeds-mk04,4038083.4302694905
purex-waste-washing-2,914.5918611515386
milling-molybdenite,23979587.26862133
arthurian-egg-3,22431927.19583122
gas-molten-salt-03,2.001192627603723e-05
purex-waste-washing-1,164.63545295757473
boric-acid-hcl,192.87188945634796
molten-salt,1.4053788250256305e-07
crushing-molybdenite,9301302.020829773
purex-washing-1,18.48993439722298
waste-uranium-disolving,13431.184646643409
