item_name,target_rate,achieved_rate,difference,abs_difference
automation-science-pack,1.0,0.10471209920681591,-0.8952879007931841,0.8952879007931841
py-science-pack-1,1.0,0.40309920377639935,-0.5969007962236006,0.5969007962236006
flask,0.0,-0.4036189450445007,-0.4036189450445007,0.4036189450445007
battery-mk01,0.0,-0.18338813755455705,-0.18338813755455705,0.18338813755455705
empty-petri-dish,0.0,-0.1607936563329405,-0.1607936563329405,0.1607936563329405
petri-dish,0.0,-0.1607926937666596,-0.1607926937666596,0.1607926937666596
petri-dish-bacteria,0.0,-0.160787764251932,-0.160787764251932,0.160787764251932
planter-box,0.0,-0.15785758426634605,-0.15785758426634605,0.15785758426634605
animal-sample-01,0.0,-0.14853489823158447,-0.14853489823158447,0.14853489823158447
alien-sample01,0.0,-0.13166011527901147,-0.13166011527901147,0.13166011527901147
meat-caged-ulric,0.0,-0.1258487301874259,-0.1258487301874259,0.1258487301874259
logistic-science-pack,1.0,0.9012633080877049,-0.09873669191229506,0.09873669191229506
small-parts-01,0.0,-0.09742237521494425,-0.09742237521494425,0.09742237521494425
solidified-sarcorus,0.0,-0.07428895928864467,-0.07428895928864467,0.07428895928864467
pbsb-alloy,0.0,-0.0708023555346532,-0.0708023555346532,0.0708023555346532
anabolic-rna,0.0,-0.06922147249311818,-0.06922147249311818,0.06922147249311818
copper-plate,0.0,-0.06642552421644586,-0.06642552421644586,0.06642552421644586
iron-gear-wheel,0.0,-0.054343848508620354,-0.054343848508620354,0.054343848508620354
ulric,0.0,-0.04864814214625696,-0.04864814214625696,0.04864814214625696
empty-planter-box,0.0,-0.04860566990281111,-0.04860566990281111,0.04860566990281111
native-flora,0.0,-0.03852199370498581,-0.03852199370498581,0.03852199370498581
filtration-media,0.0,-0.038122358298586706,-0.038122358298586706,0.038122358298586706
antiviral,0.0,-0.03601222004704548,-0.03601222004704548,0.03601222004704548
polished-glass-surface,0.0,-0.034524379434571484,-0.034524379434571484,0.034524379434571484
copper-cable,0.0,-0.03319989789372497,-0.03319989789372497,0.03319989789372497
pyrite,0.0,-0.03274689097773652,-0.03274689097773652,0.03274689097773652
fawogae-substrate,0.0,-0.03221387529641642,-0.03221387529641642,0.03221387529641642
glass,0.0,-0.031329208953285524,-0.031329208953285524,0.031329208953285524
ground-sample01,0.0,-0.030170681558636808,-0.030170681558636808,0.030170681558636808
cage,0.0,0.028032265461103403,0.028032265461103403,0.028032265461103403
dried-meat,0.0,-0.027937137899427755,-0.027937137899427755,0.027937137899427755
nexelit-ore,0.0,-0.02791544117326371,-0.02791544117326371,0.02791544117326371
iron-plate,0.0,-0.027276560857354665,-0.027276560857354665,0.027276560857354665
rayon,0.0,-0.026902337928231344,-0.026902337928231344,0.026902337928231344
zinc-chloride,0.0,0.025088458296108868,0.025088458296108868,0.025088458296108868
grade-1-lead,0.0,-0.024423998186799162,-0.024423998186799162,0.024423998186799162
cobalt-nx,0.0,0.0233811419609694,0.0233811419609694,0.0233811419609694
cobalt-sulfate-02,0.0,-0.022685010689071382,-0.022685010689071382,0.022685010689071382
oxidized-pan-fiber,0.0,0.02152446616118793,0.02152446616118793,0.02152446616118793
caged-ulric,0.0,-0.02061790965362643,-0.02061790965362643,0.02061790965362643
cobalt-oxide,0.0,-0.020617799297752138,-0.020617799297752138,0.020617799297752138
soil,0.0,-0.020585142913754663,-0.020585142913754663,0.020585142913754663
caged-auog,0.0,0.019725190453104106,0.019725190453104106,0.019725190453104106
rich-clay,0.0,-0.019694148134111772,-0.019694148134111772,0.019694148134111772
vrauks,0.0,-0.018926886739254467,-0.018926886739254467,0.018926886739254467
bio-sample01,0.0,-0.0185473583391774,-0.0185473583391774,0.0185473583391774
clean-glass-sheet,0.0,0.01798878628702579,0.01798878628702579,0.01798878628702579
prepared-glass,0.0,0.01721451306390761,0.01721451306390761,0.01721451306390761
scrondrix,0.0,-0.016532255003942634,-0.016532255003942634,0.016532255003942634
zogna-bacteria,0.0,-0.015981830514963158,-0.015981830514963158,0.015981830514963158
tendon,0.0,0.015773340788641028,0.015773340788641028,0.015773340788641028
ore-quartz,0.0,-0.0146834480184524,-0.0146834480184524,0.0146834480184524
albumin,0.0,-0.014436230314078216,-0.014436230314078216,0.014436230314078216
pan,0.0,-0.014365565227053673,-0.014365565227053673,0.014365565227053673
simik,0.0,-0.014020830659566608,-0.014020830659566608,0.014020830659566608
dingrits,0.0,-0.014018845447844971,-0.014018845447844971,0.014018845447844971
phadai,0.0,-0.01401843239206485,-0.01401843239206485,0.01401843239206485
xeno,0.0,-0.01401811762422206,-0.01401811762422206,0.01401811762422206
phagnot,0.0,-0.0140164230979348,-0.0140164230979348,0.0140164230979348
arthurian,0.0,-0.0140151834062609,-0.0140151834062609,0.0140151834062609
kmauts,0.0,-0.01401483928435096,-0.01401483928435096,0.01401483928435096
caged-kmauts,0.0,0.014014373869941574,0.014014373869941574,0.014014373869941574
caged-arthurian,0.0,0.014014009121648659,0.014014009121648659,0.014014009121648659
caged-phagnot,0.0,0.014012846911979626,0.014012846911979626,0.014012846911979626
caged-xeno,0.0,0.014011176663227543,0.014011176663227543,0.014011176663227543
caged-phadai,0.0,0.01401088361285302,0.01401088361285302,0.01401088361285302
caged-dingrits,0.0,0.01401053689754915,0.01401053689754915,0.01401053689754915
caged-simik,0.0,0.014008586540528514,0.014008586540528514,0.014008586540528514
meat,0.0,-0.013985806762401017,-0.013985806762401017,0.013985806762401017
iron-oxide,0.0,-0.013639198502317493,-0.013639198502317493,0.013639198502317493
iron-stick,0.0,-0.013636009198928711,-0.013636009198928711,0.013636009198928711
bolts,0.0,-0.013635885615619618,-0.013635885615619618,0.013635885615619618
sb-oxide,0.0,-0.012782390970926451,-0.012782390970926451,0.012782390970926451
high-grade-ti-powder,0.0,-0.012675789701331767,-0.012675789701331767,0.012675789701331767
liquid-nitrogen,0.0,-0.012342383004361315,-0.012342383004361315,0.012342383004361315
used-auog,0.0,-0.012102583529147656,-0.012102583529147656,0.012102583529147656
caged-scrondrix,0.0,0.011497609969372824,0.011497609969372824,0.011497609969372824
aromatics-canister,0.0,-0.011016978559265901,-0.011016978559265901,0.011016978559265901
empty-fuel-canister,0.0,0.010773942507905225,0.010773942507905225,0.010773942507905225
syngas-canister,0.0,-0.010685150034047429,-0.010685150034047429,0.010685150034047429
used-nexelit-battery,0.0,-0.010103858101412722,-0.010103858101412722,0.010103858101412722
bitumen-canister,0.0,0.00985548437040498,0.00985548437040498,0.00985548437040498
nexelit-battery,0.0,0.009751683989537293,0.009751683989537293,0.009751683989537293
lead-plate,0.0,-0.009713120826552207,-0.009713120826552207,0.009713120826552207
rennea,0.0,-0.009433525452708537,-0.009433525452708537,0.009433525452708537
grade-1-zinc,0.0,-0.009271505137725856,-0.009271505137725856,0.009271505137725856
acetylene-canister,0.0,0.009137694214435253,0.009137694214435253,0.009137694214435253
caged-vrauks,0.0,0.009102626986711049,0.009102626986711049,0.009102626986711049
washed-mova,0.0,0.008941586714633411,0.008941586714633411,0.008941586714633411
urea,0.0,-0.008939125814536937,-0.008939125814536937,0.008939125814536937
nexelit-matrix,0.0,-0.008874225066247474,-0.008874225066247474,0.008874225066247474
simik-poop,0.0,-0.008647470726505053,-0.008647470726505053,0.008647470726505053
retrovirus,0.0,-0.008620401586439405,-0.008620401586439405,0.008620401586439405
copper-ore,0.0,-0.00834311275268431,-0.00834311275268431,0.00834311275268431
auog,0.0,-0.008304035898628156,-0.008304035898628156,0.008304035898628156
molten-glass,0.0,-0.008280067635000237,-0.008280067635000237,0.008280067635000237
guts-vonix,0.0,-0.008271759718570509,-0.008271759718570509,0.008271759718570509
fetal-serum,0.0,-0.008262989490446779,-0.008262989490446779,0.008262989490446779
concentrated-ti,0.0,0.0081568714327916,0.0081568714327916,0.0081568714327916
jig-grade2,0.0,0.008131939730957457,0.008131939730957457,0.008131939730957457
jig-grade3,0.0,0.008131939730957457,0.008131939730957457,0.008131939730957457
artificial-blood,0.0,-0.007964785852556056,-0.007964785852556056,0.007964785852556056
sand,0.0,-0.007808485957375242,-0.007808485957375242,0.007808485957375242
bio-sample,0.0,-0.007622661925695271,-0.007622661925695271,0.007622661925695271
cottongut,0.0,-0.007407082027234781,-0.007407082027234781,0.007407082027234781
bone-caged-auog,0.0,-0.007364578816158416,-0.007364578816158416,0.007364578816158416
grade-2-zinc,0.0,-0.007235162709877566,-0.007235162709877566,0.007235162709877566
methyl-acrylate,0.0,-0.00721589789537929,-0.00721589789537929,0.00721589789537929
brain,0.0,-0.007194034671947775,-0.007194034671947775,0.007194034671947775
acrylonitrile,0.0,-0.0071805954647172045,-0.0071805954647172045,0.0071805954647172045
sand-casting,0.0,-0.007023742964527027,-0.007023742964527027,0.007023742964527027
paramagnetic-material,0.0,-0.00686420008884379,-0.00686420008884379,0.00686420008884379
fatty-acids-canister,0.0,-0.006831926701940607,-0.006831926701940607,0.006831926701940607
collagen,0.0,-0.006641450440556875,-0.006641450440556875,0.006641450440556875
sulfuric-caged-xeno,0.0,-0.00663801247190435,-0.00663801247190435,0.00663801247190435
nexelit-plate,0.0,0.006612608206330083,0.006612608206330083,0.006612608206330083
chromium,0.0,-0.00660758638011972,-0.00660758638011972,0.00660758638011972
clean-nexelit,0.0,0.006586849395759187,0.006586849395759187,0.006586849395759187
carapace,0.0,-0.0065480863248315885,-0.0065480863248315885,0.0065480863248315885
flutec-pp6,0.0,-0.00651999850505931,-0.00651999850505931,0.00651999850505931
epoxy,0.0,-0.006364819554208559,-0.006364819554208559,0.006364819554208559
decalin,0.0,-0.006299851073837466,-0.006299851073837466,0.006299851073837466
xeno-egg,0.0,-0.006191296870991095,-0.006191296870991095,0.006191296870991095
gas-bladder,0.0,-0.006177116177748731,-0.006177116177748731,0.006177116177748731
gravel,0.0,-0.005850216615979191,-0.005850216615979191,0.005850216615979191
borax,0.0,0.0058407289108417335,0.0058407289108417335,0.0058407289108417335
sodium-hydroxide,0.0,-0.005755579447011844,-0.005755579447011844,0.005755579447011844
molybdenum-concentrate,0.0,-0.005702216536393448,-0.005702216536393448,0.005702216536393448
zymogens,0.0,-0.00568631873183547,-0.00568631873183547,0.00568631873183547
microcin-j25,0.0,-0.0056857490927767415,-0.0056857490927767415,0.0056857490927767415
kimberlite-residue,0.0,-0.005680684384666439,-0.005680684384666439,0.005680684384666439
diamond-reject,0.0,-0.005627671754791284,-0.005627671754791284,0.005627671754791284
peptidase-m58,0.0,-0.005627264581859087,-0.005627264581859087,0.005627264581859087
grade-2-lead,0.0,-0.005519088348772487,-0.005519088348772487,0.005519088348772487
meat-caged-kmauts,0.0,-0.005487553403996934,-0.005487553403996934,0.005487553403996934
ore-lead,0.0,-0.00544621354764666,-0.00544621354764666,0.00544621354764666
reca,0.0,-0.005412398458721312,-0.005412398458721312,0.005412398458721312
stone-brick,0.0,-0.005347619566924607,-0.005347619566924607,0.005347619566924607
arqad-egg,0.0,0.005306388976819223,0.005306388976819223,0.005306388976819223
methane-canister,0.0,0.005259517265048169,0.005259517265048169,0.005259517265048169
copper-rejects,0.0,-0.005239919861173294,-0.005239919861173294,0.005239919861173294
cobalt-sulfate,0.0,-0.005222389513628017,-0.005222389513628017,0.005222389513628017
gh,0.0,-0.00506613958844825,-0.00506613958844825,0.00506613958844825
soot,0.0,-0.005004561279671119,-0.005004561279671119,0.005004561279671119
alien-enzymes,0.0,0.00499346730097576,0.00499346730097576,0.00499346730097576
aniline,0.0,0.004958880783542689,0.004958880783542689,0.004958880783542689
crude-diamond,0.0,-0.0049518109248265696,-0.0049518109248265696,0.0049518109248265696
grade-3-tin,0.0,-0.0049072341157705745,-0.0049072341157705745,0.0049072341157705745
bio-scafold,0.0,-0.004876022901567822,-0.004876022901567822,0.004876022901567822
skin-caged-phadai,0.0,-0.004733815179169426,-0.004733815179169426,0.004733815179169426
fiber,0.0,0.004703492060024081,0.004703492060024081,0.004703492060024081
jig-concentrate,0.0,0.004703055689306028,0.004703055689306028,0.004703055689306028
recombinant-ery,0.0,-0.004663142009679851,-0.004663142009679851,0.004663142009679851
empty-honeycomb,0.0,0.004588096916439738,0.004588096916439738,0.004588096916439738
honeycomb,0.0,-0.004588096916439738,-0.004588096916439738,0.004588096916439738
molybdenum-oxide,0.0,0.004587270391302073,0.004587270391302073,0.004587270391302073
sb-grade-04,0.0,-0.004527444586993137,-0.004527444586993137,0.004527444586993137
high-grade-ti,0.0,0.0045259044959157875,0.0045259044959157875,0.0045259044959157875
grade-1-nickel,0.0,-0.004500593513265332,-0.004500593513265332,0.004500593513265332
blood-caged-vrauks,0.0,0.004483181256609352,0.004483181256609352,0.004483181256609352
chromite-sand,0.0,0.0043759251580885675,0.0043759251580885675,0.0043759251580885675
phytoplankton,0.0,-0.004355323897610225,-0.004355323897610225,0.004355323897610225
biofilm,0.0,-0.0042107975508295335,-0.0042107975508295335,0.0042107975508295335
powdered-zinc,0.0,0.004191394105773943,0.004191394105773943,0.004191394105773943
antitumor,0.0,-0.004189182786660915,-0.004189182786660915,0.004189182786660915
vonix,0.0,-0.004181948927686391,-0.004181948927686391,0.004181948927686391
brain-caged-scrondrix,0.0,0.004153711007934663,0.004153711007934663,0.004153711007934663
nickel-plate,0.0,-0.004129321239865734,-0.004129321239865734,0.004129321239865734
cobalt-fluoride,0.0,-0.0040925494485675295,-0.0040925494485675295,0.0040925494485675295
biomass,0.0,-0.004056228611130451,-0.004056228611130451,0.004056228611130451
rf-gel,0.0,-0.004041528250164453,-0.004041528250164453,0.004041528250164453
psc,0.0,0.004011649682092706,0.004011649682092706,0.004011649682092706
stannous-chloride,0.0,-0.003937752965773787,-0.003937752965773787,0.003937752965773787
ree-concentrate,0.0,-0.003751318873812437,-0.003751318873812437,0.003751318873812437
chitin-caged-vrauks,0.0,0.0037302417254299848,0.0037302417254299848,0.0037302417254299848
grade-1-copper,0.0,-0.0037277516705688245,-0.0037277516705688245,0.0037277516705688245
clean-rf-gel,0.0,0.0037273874991666706,0.0037273874991666706,0.0037273874991666706
benzene-canister,0.0,-0.0037048334244154813,-0.0037048334244154813,0.0037048334244154813
plastic-bar,0.0,-0.0036182359835690197,-0.0036182359835690197,0.0036182359835690197
bone-caged-ulric,0.0,-0.0034974191813320578,-0.0034974191813320578,0.0034974191813320578
bones,0.0,-0.0033010168655919535,-0.0033010168655919535,0.0033010168655919535
raw-borax,0.0,-0.00324189167270627,-0.00324189167270627,0.00324189167270627
high-tin-concentrate,0.0,0.003204006694527367,0.003204006694527367,0.003204006694527367
polishing-wheel,0.0,-0.0031539687049479044,-0.0031539687049479044,0.0031539687049479044
re-magnet,0.0,0.0031013724803816735,0.0031013724803816735,0.0031013724803816735
fuelrod-mk01,0.0,-0.0030906193753866794,-0.0030906193753866794,0.0030906193753866794
pineal-gland,0.0,0.003086899385913733,0.003086899385913733,0.003086899385913733
dcm,0.0,-0.0030847257324115997,-0.0030847257324115997,0.0030847257324115997
flue-gas,0.0,0.003051895168892827,0.003051895168892827,0.003051895168892827
vpulp-precip,0.0,-0.003032071406450658,-0.003032071406450658,0.003032071406450658
nb-biomass,0.0,-0.003008223972135793,-0.003008223972135793,0.003008223972135793
syngas,0.0,-0.0029876818315007674,-0.0029876818315007674,0.0029876818315007674
pure-kimberlite-grade2,0.0,-0.0029745598182031167,-0.0029745598182031167,0.0029745598182031167
rare-earth-dust,0.0,0.0029052926900289457,0.0029052926900289457,0.0029052926900289457
phosphate-rock,0.0,-0.0029024771159723065,-0.0029024771159723065,0.0029024771159723065
tin-dust,0.0,0.002872834159778166,0.002872834159778166,0.002872834159778166
grade-1-tin,0.0,-0.00274129077905624,-0.00274129077905624,0.00274129077905624
grade-4-tin,0.0,0.0026998872417248144,0.0026998872417248144,0.0026998872417248144
stone,0.0,-0.0026736034057671908,-0.0026736034057671908,0.0026736034057671908
molybdenum-sulfide,0.0,-0.0026724159165830855,-0.0026724159165830855,0.0026724159165830855
industrial-solvent,0.0,-0.0026248603034891645,-0.0026248603034891645,0.0026248603034891645
sugar,0.0,-0.0026033052813650825,-0.0026033052813650825,0.0026033052813650825
nitrobenzene,0.0,0.0025580040587163226,0.0025580040587163226,0.0025580040587163226
grade-4-ti,0.0,-0.0025098940936968306,-0.0025098940936968306,0.0025098940936968306
tpa,0.0,-0.0024576475216904112,-0.0024576475216904112,0.0024576475216904112
silver-plate,0.0,-0.002448264277097343,-0.002448264277097343,0.002448264277097343
used-solvent,0.0,-0.002417159868606845,-0.002417159868606845,0.002417159868606845
niobium-concentrate,0.0,0.0024143258808722503,0.0024143258808722503,0.0024143258808722503
melamine,0.0,-0.0024069897980988414,-0.0024069897980988414,0.0024069897980988414
immunosupressants,0.0,-0.0023934526877419093,-0.0023934526877419093,0.0023934526877419093
nanochondria,0.0,-0.002374478151303142,-0.002374478151303142,0.002374478151303142
arqad-jelly,0.0,-0.002331504998353023,-0.002331504998353023,0.002331504998353023
powdered-phosphate-rock,0.0,-0.0023232052485237164,-0.0023232052485237164,0.0023232052485237164
lime,0.0,-0.002316113066332825,-0.002316113066332825,0.002316113066332825
graphene-roll,0.0,0.002309163197471924,0.002309163197471924,0.002309163197471924
pure-trichlorosilane,0.0,0.0023030180520562174,0.0023030180520562174,0.0023030180520562174
trichlorosilane,0.0,0.0022492653647634524,0.0022492653647634524,0.0022492653647634524
organic-solvent,0.0,-0.002229173296492615,-0.002229173296492615,0.002229173296492615
jig-grade1,0.0,-0.002214219628351704,-0.002214219628351704,0.002214219628351704
benzene,0.0,-0.002141334032380939,-0.002141334032380939,0.002141334032380939
resorcinol,0.0,-0.002123428916819377,-0.002123428916819377,0.002123428916819377
cf2,0.0,0.002120273265572777,0.002120273265572777,0.002120273265572777
chloromethane,0.0,-0.0021058459119915945,-0.0021058459119915945,0.0021058459119915945
cf1,0.0,-0.0021046641956290937,-0.0021046641956290937,0.0021046641956290937
ethanol,0.0,-0.002094213735066474,-0.002094213735066474,0.002094213735066474
graphene-sheet,0.0,-0.0020740728997802084,-0.0020740728997802084,0.0020740728997802084
venom-gland,0.0,0.0020672440153365656,0.0020672440153365656,0.0020672440153365656
mibc,0.0,-0.0020512137244204642,-0.0020512137244204642,0.0020512137244204642
milk,0.0,-0.002029564053195342,-0.002029564053195342,0.002029564053195342
grade-2-copper,0.0,-0.0020249500021409985,-0.0020249500021409985,0.0020249500021409985
grade-4-zinc,0.0,0.001989195480032988,0.001989195480032988,0.001989195480032988
filled-comb,0.0,-0.001981758002001947,-0.001981758002001947,0.001981758002001947
resveratrol,0.0,0.0019720714258685984,0.0019720714258685984,0.0019720714258685984
ticocr-alloy,0.0,0.0019697057881675685,0.0019697057881675685,0.0019697057881675685
ac,0.0,-0.0019418826506563272,-0.0019418826506563272,0.0019418826506563272
reo,0.0,-0.0019004929897218728,-0.0019004929897218728,0.0019004929897218728
grade-3-zinc,0.0,0.0018981876605761727,0.0018981876605761727,0.0018981876605761727
ore-aluminium,0.0,-0.0018927422576030843,-0.0018927422576030843,0.0018927422576030843
mukmoux-fat,0.0,-0.0018817075583220982,-0.0018817075583220982,0.0018817075583220982
mova-pulp1,0.0,0.0018501405963607868,0.0018501405963607868,0.0018501405963607868
ash,0.0,-0.0018422274174653998,-0.0018422274174653998,0.0018422274174653998
grade-4-copper,0.0,0.0018402326184544496,0.0018402326184544496,0.0018402326184544496
nano-mesh,0.0,0.0018220642889665386,0.0018220642889665386,0.0018220642889665386
yaedols,0.0,-0.0018202147835909269,-0.0018202147835909269,0.0018202147835909269
rpc-mesh,0.0,-0.0018166154291327456,-0.0018166154291327456,0.0018166154291327456
bacteria-2,0.0,-0.0018157287279452056,-0.0018157287279452056,0.0018157287279452056
solder,0.0,0.0017582621690339622,0.0017582621690339622,0.0017582621690339622
fatty-acids,0.0,-0.0017261046863170882,-0.0017261046863170882,0.0017261046863170882
cobalt-extract,0.0,-0.0017259621957997871,-0.0017259621957997871,0.0017259621957997871
photophore,0.0,0.0017196262225594391,0.0017196262225594391,0.0017196262225594391
milfe,0.0,-0.0017014902326592909,-0.0017014902326592909,0.0017014902326592909
brain-caged-ulric,0.0,-0.001700191193092239,-0.001700191193092239,0.001700191193092239
ti-pulp-03,0.0,-0.001690689666413267,-0.001690689666413267,0.001690689666413267
plasmids,0.0,-0.0016817946074358298,-0.0016817946074358298,0.0016817946074358298
chitin,0.0,-0.001652766863860308,-0.001652766863860308,0.001652766863860308
rare-earth-ore,0.0,-0.0016369241063876024,-0.0016369241063876024,0.0016369241063876024
rubber,0.0,-0.0016360042724041465,-0.0016360042724041465,0.0016360042724041465
rare-earth-mud,0.0,-0.001632741997438496,-0.001632741997438496,0.001632741997438496
small-parts-02,0.0,-0.001626757600030988,-0.001626757600030988,0.001626757600030988
diamond,0.0,0.00161764335640577,0.00161764335640577,0.00161764335640577
hydrogen,0.0,-0.0016048047493412284,-0.0016048047493412284,0.0016048047493412284
tin-concentrate,0.0,-0.0015997696411352077,-0.0015997696411352077,0.0015997696411352077
cdna,0.0,-0.0015962589562135499,-0.0015962589562135499,0.0015962589562135499
ammonia,0.0,-0.0015768905881389415,-0.0015768905881389415,0.0015768905881389415
ree-solution,0.0,-0.0015715587194887921,-0.0015715587194887921,0.0015715587194887921
ndfeb-alloy,0.0,-0.0015707487187929564,-0.0015707487187929564,0.0015707487187929564
diborane,0.0,-0.0015422331141170167,-0.0015422331141170167,0.0015422331141170167
soda-ash,0.0,-0.0015096404903001666,-0.0015096404903001666,0.0015096404903001666
ore-nickel,0.0,-0.0015064546156580577,-0.0015064546156580577,0.0015064546156580577
lead-dust,0.0,0.0014949374633925132,0.0014949374633925132,0.0014949374633925132
deuterium,0.0,0.0014922216953146216,0.0014922216953146216,0.0014922216953146216
kimberlite-grade3,0.0,-0.0014845294115490137,-0.0014845294115490137,0.0014845294115490137
diesel,0.0,-0.0014841643435988623,-0.0014841643435988623,0.0014841643435988623
salt,0.0,-0.0014825035089757067,-0.0014825035089757067,0.0014825035089757067
acrolein,0.0,0.0014744350643444374,0.0014744350643444374,0.0014744350643444374
blood-caged-ulric,0.0,-0.0014731658799489707,-0.0014731658799489707,0.0014731658799489707
kerosene,0.0,-0.0014702125400382915,-0.0014702125400382915,0.0014702125400382915
chromite-fines,0.0,-0.0014687988598832062,-0.0014687988598832062,0.0014687988598832062
eva,0.0,-0.0014659550632324576,-0.0014659550632324576,0.0014659550632324576
ree-slurry,0.0,-0.0014372939002920326,-0.0014372939002920326,0.0014372939002920326
pyrolytic-carbon,0.0,0.0014252604184925317,0.0014252604184925317,0.0014252604184925317
zinc-plate,0.0,0.0014182154743735578,0.0014182154743735578,0.0014182154743735578
mova-pulp2,0.0,0.0014128281402599175,0.0014128281402599175,0.0014128281402599175
grade-3-ti,0.0,-0.0014049999303662618,-0.0014049999303662618,0.0014049999303662618
carbon-nanotube,0.0,-0.001400294982700172,-0.001400294982700172,0.001400294982700172
vanadium-oxide,0.0,-0.001390159933404623,-0.001390159933404623,0.001390159933404623
alamac,0.0,-0.0013873139955191782,-0.0013873139955191782,0.0013873139955191782
core-shell,0.0,-0.0013649245198733757,-0.0013649245198733757,0.0013649245198733757
yotoi,0.0,-0.001364261883303905,-0.001364261883303905,0.001364261883303905
processed-rejects,0.0,0.0013580841851100576,0.0013580841851100576,0.0013580841851100576
cridren,0.0,-0.0013285318139067337,-0.0013285318139067337,0.0013285318139067337
bonemeal,0.0,-0.0013107920877929399,-0.0013107920877929399,0.0013107920877929399
casein-mixture,0.0,-0.0012989889914620098,-0.0012989889914620098,0.0012989889914620098
ralesia-seeds,0.0,0.0012960060780763817,0.0012960060780763817,0.0012960060780763817
small-lamp,0.0,-0.001292991543152719,-0.001292991543152719,0.001292991543152719
gasoline,0.0,-0.0012870219512089015,-0.0012870219512089015,0.0012870219512089015
pre-fiber-3,0.0,0.0012691351600496513,0.0012691351600496513,0.0012691351600496513
tailings-dust,0.0,-0.0012575323755166568,-0.0012575323755166568,0.0012575323755166568
grade-3-lead,0.0,0.0012481656108638054,0.0012481656108638054,0.0012481656108638054
grade-3-copper,0.0,0.00124111647160915,0.00124111647160915,0.00124111647160915
purex-raffinate-3,0.0,-0.0012394439500919784,-0.0012394439500919784,0.0012394439500919784
mpa,0.0,-0.001237844547166774,-0.001237844547166774,0.001237844547166774
nanozymes,0.0,0.0012359871354937217,0.0012359871354937217,0.0012359871354937217
ralesia,0.0,-0.0012346551038667428,-0.0012346551038667428,0.0012346551038667428
stripped-distillate-canister,0.0,-0.001230203338326602,-0.001230203338326602,0.001230203338326602
sb-crushed,0.0,-0.0012224662531522457,-0.0012224662531522457,0.0012224662531522457
water-saline,0.0,-0.0012152516497960619,-0.0012152516497960619,0.0012152516497960619
duralumin,0.0,-0.0012068120408797107,-0.0012068120408797107,0.0012068120408797107
chromium-rejects,0.0,0.0012013165032474654,0.0012013165032474654,0.0012013165032474654
niobium-powder,0.0,-0.001199732439463194,-0.001199732439463194,0.001199732439463194
tin-plate,0.0,-0.0011978434308353195,-0.0011978434308353195,0.0011978434308353195
lithium-chloride,0.0,0.0011954775586530265,0.0011954775586530265,0.0011954775586530265
grod,0.0,0.001185571458064286,0.001185571458064286,0.001185571458064286
tinned-cable,0.0,-0.0011806493544977209,-0.0011806493544977209,0.0011806493544977209
in-vitro-meat,0.0,0.0011749336688595556,0.0011749336688595556,0.0011749336688595556
diamond-concentrate,0.0,0.0011682699117409562,0.0011682699117409562,0.0011682699117409562
crystallographic-substrate,0.0,-0.0011668397757687576,-0.0011668397757687576,0.0011668397757687576
kicalk,0.0,0.001165860941303228,0.001165860941303228,0.001165860941303228
navens,0.0,0.0011608290922041676,0.0011608290922041676,0.0011608290922041676
boron-trioxide,0.0,-0.0011463485114773563,-0.0011463485114773563,0.0011463485114773563
aerogel,0.0,0.0011408019781677992,0.0011408019781677992,0.0011408019781677992
silicon,0.0,-0.0011364016092358026,-0.0011364016092358026,0.0011364016092358026
hydrogen-peroxide,0.0,-0.0011361613478875726,-0.0011361613478875726,0.0011361613478875726
niobium-ore,0.0,-0.0011276126544340914,-0.0011276126544340914,0.0011276126544340914
calcinates,0.0,-0.001126613471882722,-0.001126613471882722,0.001126613471882722
blood-arqad,0.0,-0.001115169598446627,-0.001115169598446627,0.001115169598446627
crushed-quartz,0.0,-0.0011098477648406678,-0.0011098477648406678,0.0011098477648406678
molybdenite-dust,0.0,0.0011064064143491807,0.0011064064143491807,0.0011064064143491807
super-alloy,0.0,-0.0010962449492888016,-0.0010962449492888016,0.0010962449492888016
vanadates,0.0,-0.0010912484279404961,-0.0010912484279404961,0.0010912484279404961
propene,0.0,-0.0010893467457456665,-0.0010893467457456665,0.0010893467457456665
p2s5,0.0,-0.001088062381800132,-0.001088062381800132,0.001088062381800132
geothermal-water,0.0,-0.0010799360943220388,-0.0010799360943220388,0.0010799360943220388
teos,0.0,-0.0010724472086194212,-0.0010724472086194212,0.0010724472086194212
used-comb,0.0,0.0010700113743054296,0.0010700113743054296,0.0010700113743054296
molten-copper,0.0,0.0010671857051567349,0.0010671857051567349,0.0010671857051567349
chloroauric-acid,0.0,0.0010634157291994203,0.0010634157291994203,0.0010634157291994203
niobium-plate,0.0,-0.0010627688675861001,-0.0010627688675861001,0.0010627688675861001
r4,0.0,0.0010564067456065181,0.0010564067456065181,0.0010564067456065181
methanol,0.0,-0.001050463877525927,-0.001050463877525927,0.001050463877525927
ethylene,0.0,-0.0010461551897049223,-0.0010461551897049223,0.0010461551897049223
yaedols-spores,0.0,0.001041124466064243,0.001041124466064243,0.001041124466064243
grade-2-ti,0.0,0.0010333161594781532,0.0010333161594781532,0.0010333161594781532
petroleum-gas,0.0,-0.0010295470601987215,-0.0010295470601987215,0.0010295470601987215
keratin,0.0,0.001028206478626642,0.001028206478626642,0.001028206478626642
chitosan,0.0,-0.001024766876617641,-0.001024766876617641,0.001024766876617641
skin,0.0,-0.0010154330666154769,-0.0010154330666154769,0.0010154330666154769
rhodamine-b,0.0,-0.0010093871970708835,-0.0010093871970708835,0.0010093871970708835
bone-caged-simik,0.0,-0.0010087253105576862,-0.0010087253105576862,0.0010087253105576862
rich-dust,0.0,-0.0010086366924558553,-0.0010086366924558553,0.0010086366924558553
crushed-molybdenite,0.0,0.0010070717348539366,0.0010070717348539366,0.0010070717348539366
empty-proto-tholins-vessel,0.0,0.0009970120514061567,0.0009970120514061567,0.0009970120514061567
filled-tholins-vessel,0.0,-0.0009970120514061567,-0.0009970120514061567,0.0009970120514061567
copper-low-dust,0.0,0.0009941784333616032,0.0009941784333616032,0.0009941784333616032
nylon-parts,0.0,0.000989016229385133,0.000989016229385133,0.000989016229385133
manure-bacteria,0.0,-0.0009797540103172909,-0.0009797540103172909,0.0009797540103172909
co-biomass,0.0,-0.0009729466426385221,-0.0009729466426385221,0.0009729466426385221
fish-egg,0.0,-0.0009689195477170568,-0.0009689195477170568,0.0009689195477170568
ore-tin,0.0,-0.0009480223548735159,-0.0009480223548735159,0.0009480223548735159
niobium-complex,0.0,-0.0009373372389408649,-0.0009373372389408649,0.0009373372389408649
polybutadiene,0.0,-0.0009357893455116089,-0.0009357893455116089,0.0009357893455116089
vanadium-concentrate,0.0,0.0009353019941882201,0.0009353019941882201,0.0009353019941882201
aluminium-plate,0.0,-0.0009287460077973596,-0.0009287460077973596,0.0009287460077973596
lignin,0.0,-0.0009260686090881853,-0.0009260686090881853,0.0009260686090881853
bacteria-1,0.0,-0.0009010852722925284,-0.0009010852722925284,0.0009010852722925284
light-oil,0.0,-0.0008664664428807777,-0.0008664664428807777,0.0008664664428807777
grod-seeds,0.0,0.000865553368038263,0.000865553368038263,0.000865553368038263
micro-fiber,0.0,0.0008623567482202209,0.0008623567482202209,0.0008623567482202209
lithium-hydroxide,0.0,-0.0008454280512300896,-0.0008454280512300896,0.0008454280512300896
hexafluoroacetone,0.0,0.0008440924225846361,0.0008440924225846361,0.0008440924225846361
cyanic-acid,0.0,-0.0008386258703487343,-0.0008386258703487343,0.0008386258703487343
ti-overflow-waste,0.0,0.0008187675805404908,0.0008187675805404908,0.0008187675805404908
small-parts-03,0.0,-0.0008171305538521811,-0.0008171305538521811,0.0008171305538521811
redhot-coke,0.0,0.0008153076295248692,0.0008153076295248692,0.0008153076295248692
heavy-oil,0.0,-0.0008073840674796398,-0.0008073840674796398,0.0008073840674796398
cyanoacetate,0.0,-0.000797639169948113,-0.000797639169948113,0.000797639169948113
th-oxalate,0.0,0.0007818574141156047,0.0007818574141156047,0.0007818574141156047
bakelite,0.0,0.0007796491965992454,0.0007796491965992454,0.0007796491965992454
sodium-sulfate,0.0,-0.0007698522480247669,-0.0007698522480247669,0.0007698522480247669
purified-ti-pulp,0.0,-0.000764132981163972,-0.000764132981163972,0.000764132981163972
naphthalene-oil-canister,0.0,-0.0007589805565658707,-0.0007589805565658707,0.0007589805565658707
nbti-alloy,0.0,-0.0007576545401313395,-0.0007576545401313395,0.0007576545401313395
electronic-circuit,0.0,0.0007454931790956119,0.0007454931790956119,0.0007454931790956119
ticl4,0.0,0.0007443572813912111,0.0007443572813912111,0.0007443572813912111
buffer-solution,0.0,-0.0007441506646952835,-0.0007441506646952835,0.0007441506646952835
aromatics,0.0,-0.0007415130851891915,-0.0007415130851891915,0.0007415130851891915
dynemicin,0.0,0.0007400953178960125,0.0007400953178960125,0.0007400953178960125
chromite-concentrate,0.0,-0.0007387605958894474,-0.0007387605958894474,0.0007387605958894474
xenogenic-cells,0.0,0.0007384037521040304,0.0007384037521040304,0.0007384037521040304
nxsb-alloy,0.0,-0.0007306674246455559,-0.0007306674246455559,0.0007306674246455559
mmp,0.0,-0.0007237201305278879,-0.0007237201305278879,0.0007237201305278879
re-pulp-04,0.0,-0.000719974427772789,-0.000719974427772789,0.000719974427772789
sl-concentrate,0.0,-0.0007154630175808609,-0.0007154630175808609,0.0007154630175808609
pure-sand,0.0,-0.0007106024999017815,-0.0007106024999017815,0.0007106024999017815
aramid,0.0,-0.0007049687401554343,-0.0007049687401554343,0.0007049687401554343
depolymerized-organics,0.0,0.0007037789095207914,0.0007037789095207914,0.0007037789095207914
pre-fiber-2,0.0,0.0006902039790540947,0.0006902039790540947,0.0006902039790540947
acid-solvent,0.0,-0.0006844170392558611,-0.0006844170392558611,0.0006844170392558611
nanocarrier,0.0,-0.0006788806461275524,-0.0006788806461275524,0.0006788806461275524
washed-diamond,0.0,-0.0006777468703485637,-0.0006777468703485637,0.0006777468703485637
lead-container,0.0,-0.0006715382830069365,-0.0006715382830069365,0.0006715382830069365
moondrop-seeds,0.0,0.0006702703344884653,0.0006702703344884653,0.0006702703344884653
ethanolamine,0.0,0.0006679907679742567,0.0006679907679742567,0.0006679907679742567
purex-raffinate-2,0.0,-0.0006668692088507823,-0.0006668692088507823,0.0006668692088507823
perylene,0.0,-0.000664725583066449,-0.000664725583066449,0.000664725583066449
nitrogen,0.0,0.0006646908119687967,0.0006646908119687967,0.0006646908119687967
paragen,0.0,0.0006635307339746542,0.0006635307339746542,0.0006635307339746542
ore-zinc,0.0,-0.0006583554767312083,-0.0006583554767312083,0.0006583554767312083
sic,0.0,0.0006559433243871641,0.0006559433243871641,0.0006559433243871641
mosfet,0.0,-0.0006556937891005533,-0.0006556937891005533,0.0006556937891005533
etching,0.0,-0.0006538257428194381,-0.0006538257428194381,0.0006538257428194381
coal-fines,0.0,0.0006448227576269451,0.0006448227576269451,0.0006448227576269451
cysteine,0.0,-0.0006426557677430276,-0.0006426557677430276,0.0006426557677430276
enzyme-pks,0.0,-0.0006355974640468728,-0.0006355974640468728,0.0006355974640468728
kicalk-seeds,0.0,0.0006328477128576043,0.0006328477128576043,0.0006328477128576043
cerium-oxide,0.0,-0.0006275616567818877,-0.0006275616567818877,0.0006275616567818877
navens-spore,0.0,0.000627351628169665,0.000627351628169665,0.000627351628169665
high-tin-mix,0.0,-0.0006234048313793798,-0.0006234048313793798,0.0006234048313793798
polycrystalline-plate,0.0,0.0006231825194648134,0.0006231825194648134,0.0006231825194648134
guts,0.0,-0.0006155296180923864,-0.0006155296180923864,0.0006155296180923864
steel-plate,0.0,-0.0006130377526287727,-0.0006130377526287727,0.0006130377526287727
naphtha,0.0,-0.0006128601688461156,-0.0006128601688461156,0.0006128601688461156
sb-dust,0.0,0.0006024230396848114,0.0006024230396848114,0.0006024230396848114
rare-earth-powder,0.0,-0.0005970272175392791,-0.0005970272175392791,0.0005970272175392791
hyaline,0.0,0.0005963824762657367,0.0005963824762657367,0.0005963824762657367
graphite,0.0,-0.0005904854218469953,-0.0005904854218469953,0.0005904854218469953
empty-neuromorphic-chip,0.0,-0.0005894183960881175,-0.0005894183960881175,0.0005894183960881175
americium-oxide,0.0,-0.0005882385238138366,-0.0005882385238138366,0.0005882385238138366
heavy-n,0.0,-0.0005843646131834166,-0.0005843646131834166,0.0005843646131834166
sponge-iron,0.0,-0.0005824913262340619,-0.0005824913262340619,0.0005824913262340619
microchip,0.0,-0.0005788825632920798,-0.0005788825632920798,0.0005788825632920798
dimethyldichlorosilane,0.0,-0.0005781294948208643,-0.0005781294948208643,0.0005781294948208643
niobium-pipe,0.0,0.0005726113149853545,0.0005726113149853545,0.0005726113149853545
chromite-mix,0.0,-0.0005706078446085148,-0.0005706078446085148,0.0005706078446085148
niobium-dust,0.0,0.0005693638360327808,0.0005693638360327808,0.0005693638360327808
zinc-acetate,0.0,-0.0005668632676005076,-0.0005668632676005076,0.0005668632676005076
creosote,0.0,-0.000562789124916709,-0.000562789124916709,0.000562789124916709
scafold-free-bones,0.0,0.0005609920195524306,0.0005609920195524306,0.0005609920195524306
silicate-solution,0.0,-0.0005604038864181917,-0.0005604038864181917,0.0005604038864181917
fungal-substrate,0.0,0.0005542893603534925,0.0005542893603534925,0.0005542893603534925
belt,0.0,0.0005541020004026795,0.0005541020004026795,0.0005541020004026795
dirty-water-light,0.0,-0.0005523309288665242,-0.0005523309288665242,0.0005523309288665242
fluorophore,0.0,0.0005517769228691155,0.0005517769228691155,0.0005517769228691155
nbfe-alloy,0.0,-0.0005514055015883983,-0.0005514055015883983,0.0005514055015883983
worm,0.0,0.0005490606301634328,0.0005490606301634328,0.0005490606301634328
acid-strip-solution,0.0,-0.000547501413496099,-0.000547501413496099,0.000547501413496099
yotoi-leaves,0.0,-0.000545139686485981,-0.000545139686485981,0.000545139686485981
advanced-circuit,0.0,-0.000537819368208433,-0.000537819368208433,0.000537819368208433
grade-4-nickel,0.0,0.000536131444994136,0.000536131444994136,0.000536131444994136
grade-4-chromite,0.0,0.0005351565894023274,0.0005351565894023274,0.0005351565894023274
latex,0.0,0.0005336951868421624,0.0005336951868421624,0.0005336951868421624
kevlar,0.0,-0.0005312686219870039,-0.0005312686219870039,0.0005312686219870039
earth-bee-sample,0.0,-0.0005306388976425841,-0.0005306388976425841,0.0005306388976425841
earth-generic-sample,0.0,0.0005291161556540256,0.0005291161556540256,0.0005291161556540256
iron-chest,0.0,-0.0005286078012404,-0.0005286078012404,0.0005286078012404
tuuphra,0.0,-0.0005278863234675778,-0.0005278863234675778,0.0005278863234675778
purex-waste-1,0.0,-0.0005251626283818369,-0.0005251626283818369,0.0005251626283818369
copper-coating,0.0,-0.0005249012435955612,-0.0005249012435955612,0.0005249012435955612
refsyngas,0.0,-0.0005231955098073391,-0.0005231955098073391,0.0005231955098073391
superconductor,0.0,-0.0005204117104359005,-0.0005204117104359005,0.0005204117104359005
arqad-codex,0.0,-0.0005172645696730921,-0.0005172645696730921,0.0005172645696730921
grade-1-ti,0.0,-0.000516324290973316,-0.000516324290973316,0.000516324290973316
negasium,0.0,0.0005160794597580643,0.0005160794597580643,0.0005160794597580643
molybdenum-plate,0.0,-0.000514252082360876,-0.000514252082360876,0.000514252082360876
ammonium-oxalate,0.0,-0.0005139837954195856,-0.0005139837954195856,0.0005139837954195856
c-oxygenated,0.0,0.0005098236928219544,0.0005098236928219544,0.0005098236928219544
filtered-silicate-solution,0.0,-0.0005088010890499586,-0.0005088010890499586,0.0005088010890499586
shaft-mk01,0.0,-0.0005028670309096934,-0.0005028670309096934,0.0005028670309096934
pre-carbon-fiber,0.0,-0.0004966951276573802,-0.0004966951276573802,0.0004966951276573802
diamond-tailings,0.0,0.0004963935650930396,0.0004963935650930396,0.0004963935650930396
molten-chromium,0.0,0.00048751479595902036,0.00048751479595902036,0.00048751479595902036
fish-oil,0.0,0.00048369928273333135,0.00048369928273333135,0.00048369928273333135
ethylene-glycol,0.0,0.0004836902360039276,0.0004836902360039276,0.0004836902360039276
phosphorous-acid,0.0,0.00048347581003238245,0.00048347581003238245,0.00048347581003238245
lubricant,0.0,-0.00048323200703513473,-0.00048323200703513473,0.00048323200703513473
liquid-manure,0.0,0.0004771664100540476,0.0004771664100540476,0.0004771664100540476
propene-canister,0.0,-0.0004733527799952878,-0.0004733527799952878,0.0004733527799952878
metallic-glass,0.0,0.00047319600046004737,0.00047319600046004737,0.00047319600046004737
nbfe-coating,0.0,0.00047225663331205986,0.00047225663331205986,0.00047225663331205986
deuterium-sulfide,0.0,0.0004705748417184354,0.0004705748417184354,0.0004705748417184354
stripped-distillate,0.0,-0.0004657437607172995,-0.0004657437607172995,0.0004657437607172995
proton-receiver,0.0,-0.0004645377374738689,-0.0004645377374738689,0.0004645377374738689
oxygen,0.0,0.0004642764870543697,0.0004642764870543697,0.0004642764870543697
purex-raffinate,0.0,-0.00046348257234991337,-0.00046348257234991337,0.00046348257234991337
powdered-aluminium,0.0,-0.00046007893898528996,-0.00046007893898528996,0.00046007893898528996
olefin,0.0,-0.0004551001177687214,-0.0004551001177687214,0.0004551001177687214
eg-si,0.0,0.00045484435082813416,0.00045484435082813416,0.00045484435082813416
ralesia-extract,0.0,0.0004539653236511161,0.0004539653236511161,0.0004539653236511161
fines-pulp,0.0,-0.0004524459301097799,-0.0004524459301097799,0.0004524459301097799
grade-3-nickel,0.0,-0.00045109426652481483,-0.00045109426652481483,0.00045109426652481483
nickel-overflow,0.0,0.000450459606250082,0.000450459606250082,0.000450459606250082
purex-u-concentrate-1,0.0,-0.00044970212996604667,-0.00044970212996604667,0.00044970212996604667
dry-cf,0.0,0.00044713357347380984,0.00044713357347380984,0.00044713357347380984
flavonoids,0.0,0.00044554999095495785,0.00044554999095495785,0.00044554999095495785
active-carbon,0.0,0.0004427984402971297,0.0004427984402971297,0.0004427984402971297
sea-sponge-sprouts,0.0,0.0004360083584044311,0.0004360083584044311,0.0004360083584044311
hydrogen-sulfide,0.0,0.0004306371836331991,0.0004306371836331991,0.0004306371836331991
ti-rejects,0.0,0.0004304927683216037,0.0004304927683216037,0.0004304927683216037
stainless-steel,0.0,0.0004211575174676461,0.0004211575174676461,0.0004211575174676461
moondrop,0.0,-0.00041875824945772225,-0.00041875824945772225,0.00041875824945772225
dieletric-layer,0.0,-0.0004187021049381763,-0.0004187021049381763,0.0004187021049381763
nisi,0.0,-0.0004179883921185441,-0.0004179883921185441,0.0004179883921185441
nickel-pulp-03,0.0,-0.0004173290322435509,-0.0004173290322435509,0.0004173290322435509
purex-concentrate-4,0.0,0.0004169926756442976,0.0004169926756442976,0.0004169926756442976
sodium-carbonate,0.0,-0.00041652853467478426,-0.00041652853467478426,0.00041652853467478426
stopper,0.0,0.00041553033586201295,0.00041553033586201295,0.00041553033586201295
coal,0.0,0.00040759520104674844,0.00040759520104674844,0.00040759520104674844
latex-slab,0.0,-0.00040527932825974765,-0.00040527932825974765,0.00040527932825974765
cold-clean-air,0.0,-0.00040153896092303754,-0.00040153896092303754,0.00040153896092303754
tar-canister,0.0,-0.00039937441588074225,-0.00039937441588074225,0.00039937441588074225
sl-03,0.0,-0.0003980573789141232,-0.0003980573789141232,0.0003980573789141232
arqad,0.0,0.0003978357957719298,0.0003978357957719298,0.0003978357957719298
mutant-enzymes,0.0,0.00039693941742395333,0.00039693941742395333,0.00039693941742395333
methane,0.0,-0.0003936615497097182,-0.0003936615497097182,0.0003936615497097182
sl-02,0.0,0.00039360343406297444,0.00039360343406297444,0.00039360343406297444
purex-concentrate-5,0.0,-0.00039352384019507904,-0.00039352384019507904,0.00039352384019507904
titanium-plate,0.0,-0.00039140979353165386,-0.00039140979353165386,0.00039140979353165386
aerofloat-15,0.0,-0.0003900871593067238,-0.0003900871593067238,0.0003900871593067238
pu-239,0.0,0.00038742180100102873,0.00038742180100102873,0.00038742180100102873
dry-ralesia,0.0,-0.00038141722293135686,-0.00038141722293135686,0.00038141722293135686
iron-ore,0.0,0.00038005302851008306,0.00038005302851008306,0.00038005302851008306
salt-solution,0.0,0.0003795301983203084,0.0003795301983203084,0.0003795301983203084
glass-core,0.0,-0.00037823446257883014,-0.00037823446257883014,0.00037823446257883014
molten-nickel,0.0,0.000374585368939235,0.000374585368939235,0.000374585368939235
dhilmos-egg,0.0,-0.00037150869400447015,-0.00037150869400447015,0.00037150869400447015
cladded-core,0.0,0.00037091789760633584,0.00037091789760633584,0.00037091789760633584
dms,0.0,0.0003703398396419963,0.0003703398396419963,0.0003703398396419963
nonconductive-phazogen,0.0,0.00036862818554147457,0.00036862818554147457,0.00036862818554147457
fish,0.0,-0.00036812619582716387,-0.00036812619582716387,0.00036812619582716387
re-pulp-02,0.0,-0.0003618559634862063,-0.0003618559634862063,0.0003618559634862063
chromite-solution,0.0,0.0003590867382059975,0.0003590867382059975,0.0003590867382059975
sodium-chlorate,0.0,-0.0003589331211829012,-0.0003589331211829012,0.0003589331211829012
am-241,0.0,0.0003578472235096626,0.0003578472235096626,0.0003578472235096626
nano-cellulose,0.0,-0.000356182122579747,-0.000356182122579747,0.000356182122579747
msa,0.0,-0.000353626507285164,-0.000353626507285164,0.000353626507285164
anthraquinone,0.0,-0.000352590435213862,-0.000352590435213862,0.000352590435213862
cladding,0.0,-0.00035062878216045383,-0.00035062878216045383,0.00035062878216045383
heavy-p-type,0.0,0.00034727038734776606,0.00034727038734776606,0.00034727038734776606
cridren-seeds,0.0,-0.00034171396918975883,-0.00034171396918975883,0.00034171396918975883
plasmonic-core,0.0,-0.00034130227147763457,-0.00034130227147763457,0.00034130227147763457
silicon-wafer,0.0,0.0003404288698847898,0.0003404288698847898,0.0003404288698847898
low-grade-rejects,0.0,0.0003400365633916518,0.0003400365633916518,0.0003400365633916518
tin-ore-rejects,0.0,0.0003385059593982565,0.0003385059593982565,0.0003385059593982565
molten-super-steel-p1,0.0,-0.00033807023427245007,-0.00033807023427245007,0.00033807023427245007
r2,0.0,-0.0003340558857424357,-0.0003340558857424357,0.0003340558857424357
libr,0.0,0.0003321444608061294,0.0003321444608061294,0.0003321444608061294
hbr,0.0,-0.00033194957500962385,-0.00033194957500962385,0.00033194957500962385
casein,0.0,0.0003309649409187052,0.0003309649409187052,0.0003309649409187052
adam42-gen,0.0,-0.000330629471493919,-0.000330629471493919,0.000330629471493919
tissue-engineered-fat,0.0,0.00033010702672519536,0.00033010702672519536,0.00033010702672519536
yotoi-seeds,0.0,-0.00032949509081316695,-0.00032949509081316695,0.00032949509081316695
naphthalene-oil,0.0,-0.00032902934005567546,-0.00032902934005567546,0.00032902934005567546
engine-unit,0.0,-0.0003285268010347478,-0.0003285268010347478,0.0003285268010347478
tall-oil,0.0,0.0003282362623561341,0.0003282362623561341,0.0003282362623561341
slz-pulp-02,0.0,-0.0003277540247012762,-0.0003277540247012762,0.0003277540247012762
pipe,0.0,-0.00032270489574553774,-0.00032270489574553774,0.00032270489574553774
pre-enzyme,0.0,0.00032141081752430574,0.00032141081752430574,0.00032141081752430574
cadaveric-arum-seeds,0.0,0.00031983208416920284,0.00031983208416920284,0.00031983208416920284
nickel-pulp-04,0.0,-0.0003175912441390236,-0.0003175912441390236,0.0003175912441390236
proton-donor,0.0,0.0003161123667586901,0.0003161123667586901,0.0003161123667586901
coarse-coal,0.0,0.00031584812595189597,0.00031584812595189597,0.00031584812595189597
equipment-chassi,0.0,0.00031576394473517783,0.00031576394473517783,0.00031576394473517783
pump,0.0,0.0003110062061639972,0.0003110062061639972,0.0003110062061639972
neuromorphic-chip,0.0,0.000308813226234729,0.000308813226234729,0.000308813226234729
purex-pu-concentrate-2,0.0,0.00030776641497841264,0.00030776641497841264,0.00030776641497841264
dingrit-spike,0.0,0.0003073852871093373,0.0003073852871093373,0.0003073852871093373
saps,0.0,0.00030430544167444674,0.00030430544167444674,0.00030430544167444674
sulfur,0.0,0.0003034618117278136,0.0003034618117278136,0.0003034618117278136
molybdenite-pulp,0.0,0.00030333008191487515,0.00030333008191487515,0.00030333008191487515
capacitor3,0.0,0.0003032895207837005,0.0003032895207837005,0.0003032895207837005
re-pulp-01,0.0,-0.000303285649352564,-0.000303285649352564,0.000303285649352564
processing-unit,0.0,0.0003017536656895363,0.0003017536656895363,0.0003017536656895363
high-grade-tin,0.0,0.0003015230948867929,0.0003015230948867929,0.0003015230948867929
fertilizer,0.0,-0.00030119998248567966,-0.00030119998248567966,0.00030119998248567966
phosphoric-acid,0.0,-0.00029890158525688166,-0.00029890158525688166,0.00029890158525688166
capacitor1,0.0,0.0002959806043576009,0.0002959806043576009,0.0002959806043576009
coated-container,0.0,0.00029280483111103977,0.00029280483111103977,0.00029280483111103977
dhilmos-pup,0.0,0.00029229628326023,0.00029229628326023,0.00029229628326023
boric-acid,0.0,-0.0002908958778212305,-0.0002908958778212305,0.0002908958778212305
diode3,0.0,-0.00029006342382130706,-0.00029006342382130706,0.00029006342382130706
molten-super-steel-p2,0.0,-0.00028986571279994173,-0.00028986571279994173,0.00028986571279994173
chromite-rejects,0.0,-0.00028958349021191245,-0.00028958349021191245,0.00028958349021191245
vpulp3,0.0,-0.0002869350837876953,-0.0002869350837876953,0.0002869350837876953
purified-air,0.0,-0.00028337006693874623,-0.00028337006693874623,0.00028337006693874623
molten-stainless-steel-p2,0.0,0.00027977990793728424,0.00027977990793728424,0.00027977990793728424
sb-phosphate-2,0.0,-0.0002775415185223816,-0.0002775415185223816,0.0002775415185223816
vpulp2,0.0,-0.00027746292703460345,-0.00027746292703460345,0.00027746292703460345
laboratory-grown-brain,0.0,0.0002753521948536461,0.0002753521948536461,0.0002753521948536461
treated-wood,0.0,-0.0002749651714503811,-0.0002749651714503811,0.0002749651714503811
light-n,0.0,-0.000274647077395674,-0.000274647077395674,0.000274647077395674
carbon-sulfide,0.0,-0.0002739836464305711,-0.0002739836464305711,0.0002739836464305711
phenolicboard,0.0,-0.0002737490700170006,-0.0002737490700170006,0.0002737490700170006
a-molasse,0.0,0.00027275669630206817,0.00027275669630206817,0.00027275669630206817
vpulp4,0.0,-0.0002716085439696545,-0.0002716085439696545,0.0002716085439696545
fish-hydrolysate,0.0,-0.0002712740684891052,-0.0002712740684891052,0.0002712740684891052
green-sic,0.0,-0.000270722422257231,-0.000270722422257231,0.000270722422257231
ethylene-chlorohydrin,0.0,0.00026859169310638857,0.00026859169310638857,0.00026859169310638857
high-ash-fines,0.0,0.0002673520509546248,0.0002673520509546248,0.0002673520509546248
optical-fiber,0.0,-0.00026502843473999785,-0.00026502843473999785,0.00026502843473999785
skin-trits,0.0,-0.0002631526774665763,-0.0002631526774665763,0.0002631526774665763
prepared-chromium,0.0,-0.00026258881963935683,-0.00026258881963935683,0.00026258881963935683
anthracene-oil,0.0,-0.0002616728044906158,-0.0002616728044906158,0.0002616728044906158
volumetric-capacitor,0.0,-0.0002596053874533233,-0.0002596053874533233,0.0002596053874533233
blood-caged-simik,0.0,-0.00025935699081086296,-0.00025935699081086296,0.00025935699081086296
crude-enzyme,0.0,0.0002572925680769101,0.0002572925680769101,0.0002572925680769101
slacked-lime,0.0,-0.0002558105221402137,-0.0002558105221402137,0.0002558105221402137
re-pulp-03,0.0,0.0002552626875568855,0.0002552626875568855,0.0002552626875568855
stripped-th,0.0,0.0002550794243445488,0.0002550794243445488,0.0002550794243445488
coke,0.0,-0.00025486544531395667,-0.00025486544531395667,0.00025486544531395667
anolyte,0.0,-0.0002500592410753375,-0.0002500592410753375,0.0002500592410753375
purex-concentrate-3,0.0,-0.00024978009822448053,-0.00024978009822448053,0.00024978009822448053
capacitor-termination,0.0,-0.0002497029329791864,-0.0002497029329791864,0.0002497029329791864
nickel-prepared-solution,0.0,-0.0002490664519937243,-0.0002490664519937243,0.0002490664519937243
purex-u-concentrate-2,0.0,0.0002454228849649601,0.0002454228849649601,0.0002454228849649601
b-molasse,0.0,-0.0002441817326361786,-0.0002441817326361786,0.0002441817326361786
th-oxide,0.0,-0.00024251302002633018,-0.00024251302002633018,0.00024251302002633018
gold-plate,0.0,-0.0002417135971049341,-0.0002417135971049341,0.0002417135971049341
capacitor-core,0.0,-0.00024109689487422382,-0.00024109689487422382,0.00024109689487422382
pregnant-solution,0.0,-0.00024022463279133087,-0.00024022463279133087,0.00024022463279133087
guar-seeds,0.0,-0.00023834336032582294,-0.00023834336032582294,0.00023834336032582294
citric-acid,0.0,0.00023657203110334562,0.00023657203110334562,0.00023657203110334562
al-tailings,0.0,-0.00023553165772027105,-0.00023553165772027105,0.00023553165772027105
am-243,0.0,-0.00023398191943594705,-0.00023398191943594705,0.00023398191943594705
waste-water,0.0,0.00023351258443821132,0.00023351258443821132,0.00023351258443821132
diamond-wire,0.0,-0.00023170144234207146,-0.00023170144234207146,0.00023170144234207146
guar,0.0,0.00022786214204708528,0.00022786214204708528,0.00022786214204708528
clean-organic-pulp,0.0,-0.00022722387044482416,-0.00022722387044482416,0.00022722387044482416
crushed-coal,0.0,0.00022563675970071302,0.00022563675970071302,0.00022563675970071302
polycrystalline-slab,0.0,0.00022407041977486885,0.00022407041977486885,0.00022407041977486885
alien-sample-03,0.0,-0.00022110954351269567,-0.00022110954351269567,0.00022110954351269567
denatured-seismite,0.0,0.0002208835737760837,0.0002208835737760837,0.0002208835737760837
black-liquor,0.0,0.0002188241749040894,0.0002188241749040894,0.0002188241749040894
fast-inserter,0.0,-0.00021618431849430644,-0.00021618431849430644,0.00021618431849430644
bulk-inserter,0.0,0.00021532854917860234,0.00021532854917860234,0.00021532854917860234
electric-engine-unit,0.0,-0.00021513732353039468,-0.00021513732353039468,0.00021513732353039468
hts-coil,0.0,0.00021158597723788393,0.00021158597723788393,0.00021158597723788393
coal-gas,0.0,-0.00020877792430967394,-0.00020877792430967394,0.00020877792430967394
condensates,0.0,-0.00020867428762282692,-0.00020867428762282692,0.00020867428762282692
coalbed-gas,0.0,-0.00020845976130522972,-0.00020845976130522972,0.00020845976130522972
crmoni,0.0,-0.00020841499141043682,-0.00020841499141043682,0.00020841499141043682
phosphine-gas,0.0,-0.00020766347109771972,-0.00020766347109771972,0.00020766347109771972
gearbox-mk01,0.0,0.00020698577469917734,0.00020698577469917734,0.00020698577469917734
grade-2-nickel,0.0,0.0002068465157820269,0.0002068465157820269,0.0002068465157820269
nickel-rejects,0.0,0.0002068465157820269,0.0002068465157820269,0.0002068465157820269
serine,0.0,-0.0002067468649912513,-0.0002067468649912513,0.0002067468649912513
al-pulp-01,0.0,-0.0002067038330004201,-0.0002067038330004201,0.0002067038330004201
vanadium-solution,0.0,0.00020659629325025977,0.00020659629325025977,0.00020659629325025977
sulfuric-acid,0.0,-0.0002040636380731108,-0.0002040636380731108,0.0002040636380731108
sc-wire,0.0,-0.0002006619060871607,-0.0002006619060871607,0.0002006619060871607
cumene,0.0,-0.00019947055546506954,-0.00019947055546506954,0.00019947055546506954
cyanoacrylate,0.0,0.00019792607709227824,0.00019792607709227824,0.00019792607709227824
organic-vanadate,0.0,-0.00019486746022117824,-0.00019486746022117824,0.00019486746022117824
mova,0.0,-0.0001943680568109829,-0.0001943680568109829,0.0001943680568109829
molten-stainless-steel-p1,0.0,0.00018638275305888458,0.00018638275305888458,0.00018638275305888458
heavy-water,0.0,0.00018628625889542414,0.00018628625889542414,0.00018628625889542414
adrenal-cortex,0.0,-0.00018380754460299876,-0.00018380754460299876,0.00018380754460299876
blood-dhilmos,0.0,-0.000182075048355257,-0.000182075048355257,0.000182075048355257
vpulp1,0.0,-0.00018126816990412495,-0.00018126816990412495,0.00018126816990412495
cold-air,0.0,-0.00018069794401844762,-0.00018069794401844762,0.00018069794401844762
sub-denier-microfiber,0.0,-0.00017991904337561602,-0.00017991904337561602,0.00017991904337561602
crude-cermet,0.0,0.0001792042313741512,0.0001792042313741512,0.0001792042313741512
high-grade-lead,0.0,0.00017906687167428874,0.00017906687167428874,0.00017906687167428874
chromite-pulp-01,0.0,0.00017849810072271071,0.00017849810072271071,0.00017849810072271071
high-grade-copper,0.0,0.00017775765542158478,0.00017775765542158478,0.00017775765542158478
tar,0.0,-0.00017768455192972892,-0.00017768455192972892,0.00017768455192972892
processed-fatty-acids,0.0,-0.00017715742010106355,-0.00017715742010106355,0.00017715742010106355
r1,0.0,-0.0001766728384032693,-0.0001766728384032693,0.0001766728384032693
powdered-quartz,0.0,0.00017662894269345654,0.00017662894269345654,0.00017662894269345654
refined-natural-gas,0.0,0.00017631139144978276,0.00017631139144978276,0.00017631139144978276
sb-58-conc,0.0,0.00017407716575800354,0.00017407716575800354,0.00017407716575800354
science-coating,0.0,-0.00017185336364560993,-0.00017185336364560993,0.00017185336364560993
vpulp5,0.0,-0.0001716960363765444,-0.0001716960363765444,0.0001716960363765444
ac-oxygenated,0.0,-0.0001700808835149232,-0.0001700808835149232,0.0001700808835149232
nickel-slime,0.0,0.00016914547329040307,0.00016914547329040307,0.00016914547329040307
shaft-mk03,0.0,0.00016904842598570362,0.00016904842598570362,0.00016904842598570362
propeptides,0.0,-0.00016747286222485217,-0.00016747286222485217,0.00016747286222485217
purex-pu-concentrate-1,0.0,-0.00016615680732258805,-0.00016615680732258805,0.00016615680732258805
carbon-dioxide,0.0,-0.00016612150455029215,-0.00016612150455029215,0.00016612150455029215
resistor3,0.0,-0.00016583589478977583,-0.00016583589478977583,0.00016583589478977583
kimberlite-pulp,0.0,-0.00016442942969438837,-0.00016442942969438837,0.00016442942969438837
r3,0.0,0.0001641324072712748,0.0001641324072712748,0.0001641324072712748
inductor3,0.0,-0.00016339296735475494,-0.00016339296735475494,0.00016339296735475494
shaft-mk02,0.0,-0.0001626100256908712,-0.0001626100256908712,0.0001626100256908712
inductor1,0.0,-0.00016175916492487013,-0.00016175916492487013,0.00016175916492487013
molten-stainless-steel-p3,0.0,0.0001580158156168145,0.0001580158156168145,0.0001580158156168145
acetic-acid,0.0,-0.00015677323684499416,-0.00015677323684499416,0.00015677323684499416
fenxsb-alloy,0.0,-0.0001563371349160765,-0.0001563371349160765,0.0001563371349160765
iron-ore-dust,0.0,0.00015614833664585838,0.00015614833664585838,0.00015614833664585838
sea-sponge,0.0,0.0001555300037567473,0.0001555300037567473,0.0001555300037567473
rennea-seeds,0.0,-0.00015552201162132565,-0.00015552201162132565,0.00015552201162132565
ralesia-powder,0.0,0.00015369527852363853,0.00015369527852363853,0.00015369527852363853
sodium-alginate,0.0,-0.0001521133264712037,-0.0001521133264712037,0.0001521133264712037
bone-caged-dingrits,0.0,-0.0001515687028455699,-0.0001515687028455699,0.0001515687028455699
kerosene-canister,0.0,0.00014587429397789394,0.00014587429397789394,0.00014587429397789394
purex-waste-2,0.0,0.0001455792809340781,0.0001455792809340781,0.0001455792809340781
glass-fiber,0.0,-0.00014542261721020735,-0.00014542261721020735,0.00014542261721020735
molybdenum-pulp,0.0,0.00014387970064935664,0.00014387970064935664,0.00014387970064935664
ndfeb-powder,0.0,-0.00014319196251995694,-0.00014319196251995694,0.00014319196251995694
blood,0.0,-0.0001431186818848483,-0.0001431186818848483,0.0001431186818848483
boron,0.0,0.00014108197682711154,0.00014108197682711154,0.00014108197682711154
raw-ralesia-extract,0.0,0.00014093054116840902,0.00014093054116840902,0.00014093054116840902
molten-solder,0.0,0.00014024716491115713,0.00014024716491115713,0.00014024716491115713
arthurian-codex,0.0,-0.00013987736800920701,-0.00013987736800920701,0.00013987736800920701
grade-3-chromite,0.0,-0.00013886003472765102,-0.00013886003472765102,0.00013886003472765102
formamide,0.0,-0.0001383050583101028,-0.0001383050583101028,0.0001383050583101028
grease,0.0,0.00013777697452719645,0.00013777697452719645,0.00013777697452719645
petroleum-gas-canister,0.0,0.00013694285237954122,0.00013694285237954122,0.00013694285237954122
simik-blood,0.0,-0.00013384351861187894,-0.00013384351861187894,0.00013384351861187894
pressured-hydrogen,0.0,-0.00013360634598618974,-0.00013360634598618974,0.00013360634598618974
dowfroth-250,0.0,-0.0001302526390316522,-0.0001302526390316522,0.0001302526390316522
chloroethanol,0.0,-0.00013016529626805177,-0.00013016529626805177,0.00013016529626805177
superconductor-servomechanims,0.0,0.00013015954048296077,0.00013015954048296077,0.00013015954048296077
crucible,0.0,-0.0001289764274456389,-0.0001289764274456389,0.0001289764274456389
nems,0.0,-0.0001278964339286481,-0.0001278964339286481,0.0001278964339286481
acetylene,0.0,-0.00012757143451912697,-0.00012757143451912697,0.00012757143451912697
sc-coil,0.0,-0.00012539036181481015,-0.00012539036181481015,0.00012539036181481015
fungal-substrate-02,0.0,-0.00012391612018892333,-0.00012391612018892333,0.00012391612018892333
yotoi-fruit,0.0,-0.00012360278076668205,-0.00012360278076668205,0.00012360278076668205
hot-solution,0.0,0.00012108180138508887,0.00012108180138508887,0.00012108180138508887
nylon,0.0,0.00012055305464812196,0.00012055305464812196,0.00012055305464812196
hydrogen-chloride,0.0,-0.00011963123129278878,-0.00011963123129278878,0.00011963123129278878
z3-reagent,0.0,-0.00011951777257067139,-0.00011951777257067139,0.00011951777257067139
casein-pulp-01,0.0,-0.00011856925323786016,-0.00011856925323786016,0.00011856925323786016
nickel-tailings,0.0,-0.00011819044009748179,-0.00011819044009748179,0.00011819044009748179
slz-pulp-01,0.0,-0.00011818372411365333,-0.00011818372411365333,0.00011818372411365333
metallic-core,0.0,-0.0001158455759601865,-0.0001158455759601865,0.0001158455759601865
processor-core,0.0,0.0001132948596066666,0.0001132948596066666,0.0001132948596066666
wood-seedling,0.0,-0.00011232908974032414,-0.00011232908974032414,0.00011232908974032414
gasoline-canister,0.0,0.00011035520076544628,0.00011035520076544628,0.00011035520076544628
ferrite,0.0,-0.0001099475520972599,-0.0001099475520972599,0.0001099475520972599
crude-salt,0.0,-0.0001096161630749785,-0.0001096161630749785,0.0001096161630749785
lab-instrument,0.0,-0.00010856444252779263,-0.00010856444252779263,0.00010856444252779263
log,0.0,-0.00010813547638366191,-0.00010813547638366191,0.00010813547638366191
arthropod-blood,0.0,0.00010771007543892638,0.00010771007543892638,0.00010771007543892638
nickel-pulp-02,0.0,0.000105978257974332,0.000105978257974332,0.000105978257974332
lithium-niobate,0.0,0.00010466824583428756,0.00010466824583428756,0.00010466824583428756
anthracene-oil-canister,0.0,-0.0001046362904928936,-0.0001046362904928936,0.0001046362904928936
wax,0.0,0.00010445040358582857,0.00010445040358582857,0.00010445040358582857
sodium-silicate,0.0,-0.00010357437845367856,-0.00010357437845367856,0.00010357437845367856
grade-2-tin,0.0,0.00010262844227054758,0.00010262844227054758,0.00010262844227054758
sporopollenin,0.0,0.00010260881162797524,0.00010260881162797524,0.00010260881162797524
al-pulp-03,0.0,-9.892959113742311e-05,-9.892959113742311e-05,9.892959113742311e-05
phthalic-anhydride,0.0,9.864837029163704e-05,9.864837029163704e-05,9.864837029163704e-05
chlorine,0.0,9.839871581991439e-05,9.839871581991439e-05,9.839871581991439e-05
molten-super-steel,0.0,-9.746736627102171e-05,-9.746736627102171e-05,9.746736627102171e-05
silica-shell,0.0,-9.740844026287404e-05,-9.740844026287404e-05,9.740844026287404e-05
navens-abomination,0.0,-9.716182608421236e-05,-9.716182608421236e-05,9.716182608421236e-05
copper-pregnant-solution,0.0,-9.644133846400721e-05,-9.644133846400721e-05,9.644133846400721e-05
starch,0.0,9.537612598669565e-05,9.537612598669565e-05,9.537612598669565e-05
pelt,0.0,-9.459234848953148e-05,-9.459234848953148e-05,9.459234848953148e-05
vinyl-acetate,0.0,-9.450741519511074e-05,-9.450741519511074e-05,9.450741519511074e-05
cellulose,0.0,-9.045658968915306e-05,-9.045658968915306e-05,9.045658968915306e-05
molten-tin,0.0,8.890921354554873e-05,8.890921354554873e-05,8.890921354554873e-05
melamine-resin,0.0,8.826738825635212e-05,8.826738825635212e-05,8.826738825635212e-05
raw-fiber,0.0,-8.809729814039943e-05,-8.809729814039943e-05,8.809729814039943e-05
heavy-oil-canister,0.0,-8.633333318298388e-05,-8.633333318298388e-05,8.633333318298388e-05
manure,0.0,-8.60073196615978e-05,-8.60073196615978e-05,8.60073196615978e-05
ppd,0.0,8.562743877279055e-05,8.562743877279055e-05,8.562743877279055e-05
purex-concentrate-2,0.0,-8.52338491320155e-05,-8.52338491320155e-05,8.52338491320155e-05
refsyngas-canister,0.0,-8.51106385534187e-05,-8.51106385534187e-05,8.51106385534187e-05
pre-fiber-1,0.0,8.280799410744877e-05,8.280799410744877e-05,8.280799410744877e-05
chelator,0.0,8.178426912603147e-05,8.178426912603147e-05,8.178426912603147e-05
methanol-canister,0.0,-8.130844708688183e-05,-8.130844708688183e-05,8.130844708688183e-05
trits,0.0,-8.071806200541645e-05,-8.071806200541645e-05,8.071806200541645e-05
mositial-nx,0.0,8.053989713801102e-05,8.053989713801102e-05,8.053989713801102e-05
dhilmos,0.0,7.943396613922866e-05,7.943396613922866e-05,7.943396613922866e-05
plutonium-peroxide,0.0,7.823538539526052e-05,7.823538539526052e-05,7.823538539526052e-05
liquid-helium,0.0,-7.794297307795749e-05,-7.794297307795749e-05,7.794297307795749e-05
reduced-tin,0.0,-7.60379691321484e-05,-7.60379691321484e-05,7.60379691321484e-05
controler-mk01,0.0,-7.431412504550815e-05,-7.431412504550815e-05,7.431412504550815e-05
mold,0.0,7.235740956765084e-05,7.235740956765084e-05,7.235740956765084e-05
controler-mk02,0.0,7.209855441744449e-05,7.209855441744449e-05,7.209855441744449e-05
nenbit-matrix,0.0,-7.168595805071306e-05,-7.168595805071306e-05,7.168595805071306e-05
rotor,0.0,7.151635554967424e-05,7.151635554967424e-05,7.151635554967424e-05
arqad-honey,0.0,-7.043196594690593e-05,-7.043196594690593e-05,7.043196594690593e-05
dirty-water-heavy,0.0,-6.957366035287293e-05,-6.957366035287293e-05,6.957366035287293e-05
coke-oven-gas,0.0,6.908807153278291e-05,6.908807153278291e-05,6.908807153278291e-05
sb-pulp-01,0.0,6.667700926948977e-05,6.667700926948977e-05,6.667700926948977e-05
moss,0.0,-6.581152744541835e-05,-6.581152744541835e-05,6.581152744541835e-05
cadaveric-arum,0.0,6.443804879177789e-05,6.443804879177789e-05,6.443804879177789e-05
thickened-coal-fines,0.0,-6.390385314715443e-05,-6.390385314715443e-05,6.390385314715443e-05
super-steel,0.0,-6.29466635455689e-05,-6.29466635455689e-05,6.29466635455689e-05
organic-pulp,0.0,6.292088377674341e-05,6.292088377674341e-05,6.292088377674341e-05
fawogae,0.0,-6.2402333887399e-05,-6.2402333887399e-05,6.2402333887399e-05
resistor1,0.0,-6.218559315053414e-05,-6.218559315053414e-05,6.218559315053414e-05
raw-coal,0.0,-6.19300370202215e-05,-6.19300370202215e-05,6.19300370202215e-05
pcb3-2,0.0,-6.073875036382995e-05,-6.073875036382995e-05,6.073875036382995e-05
steel-chest,0.0,6.0302366950655584e-05,6.0302366950655584e-05,6.0302366950655584e-05
al-pulp-02,0.0,-6.0263402403771514e-05,-6.0263402403771514e-05,6.0263402403771514e-05
cooling-system,0.0,-5.9572648695061675e-05,-5.9572648695061675e-05,5.9572648695061675e-05
stone-wool,0.0,-5.956567896589745e-05,-5.956567896589745e-05,5.956567896589745e-05
copper-solution,0.0,-5.770601479990485e-05,-5.770601479990485e-05,5.770601479990485e-05
inductor2,0.0,5.734734049857108e-05,5.734734049857108e-05,5.734734049857108e-05
processor,0.0,-5.726213766649869e-05,-5.726213766649869e-05,5.726213766649869e-05
sb-phosphate-1,0.0,5.7038803465514666e-05,5.7038803465514666e-05,5.7038803465514666e-05
glycerol,0.0,5.623796879476663e-05,5.623796879476663e-05,5.623796879476663e-05
al-pulp-04,0.0,5.6003550768249386e-05,5.6003550768249386e-05,5.6003550768249386e-05
silica-powder,0.0,5.5706697624600216e-05,5.5706697624600216e-05,5.5706697624600216e-05
bitumen,0.0,-5.5665321014076354e-05,-5.5665321014076354e-05,5.5665321014076354e-05
warm-stone-brick,0.0,5.458810949822716e-05,5.458810949822716e-05,5.458810949822716e-05
sb-pulp-02,0.0,5.441848556299644e-05,5.441848556299644e-05,5.441848556299644e-05
ammonium-mixture,0.0,-5.398987506871111e-05,-5.398987506871111e-05,5.398987506871111e-05
zungror-cocoon,0.0,-5.328979105133855e-05,-5.328979105133855e-05,5.328979105133855e-05
btx,0.0,5.2893417434934834e-05,5.2893417434934834e-05,5.2893417434934834e-05
acetone,0.0,-5.216025624510401e-05,-5.216025624510401e-05,5.216025624510401e-05
cermet,0.0,-5.107555721233658e-05,-5.107555721233658e-05,5.107555721233658e-05
trits-pup,0.0,5.0398107277814766e-05,5.0398107277814766e-05,5.0398107277814766e-05
mova-pulp3,0.0,5.03570820786689e-05,5.03570820786689e-05,5.03570820786689e-05
blue-liquor,0.0,4.980057596830372e-05,4.980057596830372e-05,4.980057596830372e-05
sodium-aluminate,0.0,4.930160755787797e-05,4.930160755787797e-05,4.930160755787797e-05
fawogae-spore,0.0,-4.7681121810901135e-05,-4.7681121810901135e-05,4.7681121810901135e-05
molten-lead,0.0,4.713119370820026e-05,4.713119370820026e-05,4.713119370820026e-05
guhcl,0.0,4.6992678607018004e-05,4.6992678607018004e-05,4.6992678607018004e-05
molten-steel,0.0,-4.687202063035126e-05,-4.687202063035126e-05,4.687202063035126e-05
soaked-gel,0.0,4.592056230303364e-05,4.592056230303364e-05,4.592056230303364e-05
deposited-core,0.0,4.506214037883161e-05,4.506214037883161e-05,4.506214037883161e-05
carbon-dust,0.0,4.4822492454235294e-05,4.4822492454235294e-05,4.4822492454235294e-05
prepared-nickel-pulp,0.0,4.461498649856973e-05,4.461498649856973e-05,4.461498649856973e-05
magnetic-core,0.0,-4.4380589326567085e-05,-4.4380589326567085e-05,4.4380589326567085e-05
molten-titanium,0.0,-4.400682064637883e-05,-4.400682064637883e-05,4.400682064637883e-05
bee-venom,0.0,-4.100414671749375e-05,-4.100414671749375e-05,4.100414671749375e-05
pdms,0.0,4.0796371211975554e-05,4.0796371211975554e-05,4.0796371211975554e-05
sncr-alloy,0.0,-3.9394115213086375e-05,-3.9394115213086375e-05,3.9394115213086375e-05
hfip,0.0,3.8355748201223967e-05,3.8355748201223967e-05,3.8355748201223967e-05
purine-analogues,0.0,3.75688526080118e-05,3.75688526080118e-05,3.75688526080118e-05
casein-pulp-02,0.0,-3.7488586780216875e-05,-3.7488586780216875e-05,3.7488586780216875e-05
purex-concentrate-1,0.0,-3.7020918373802307e-05,-3.7020918373802307e-05,3.7020918373802307e-05
helium,0.0,3.6266295248925644e-05,3.6266295248925644e-05,3.6266295248925644e-05
transistor,0.0,3.5718169947575895e-05,3.5718169947575895e-05,3.5718169947575895e-05
tbp,0.0,-3.520489531401557e-05,-3.520489531401557e-05,3.520489531401557e-05
agzn-alloy,0.0,-3.506832850304026e-05,-3.506832850304026e-05,3.506832850304026e-05
fecr-alloy,0.0,-3.491054166063322e-05,-3.491054166063322e-05,3.491054166063322e-05
sc-substrate,0.0,3.43230066249345e-05,3.43230066249345e-05,3.43230066249345e-05
sc-unit,0.0,-3.418489296895161e-05,-3.418489296895161e-05,3.418489296895161e-05
reduced-copper,0.0,-3.398807600373324e-05,-3.398807600373324e-05,3.398807600373324e-05
light-oil-canister,0.0,3.326623814073641e-05,3.326623814073641e-05,3.326623814073641e-05
molybdenum-ore,0.0,-3.2676550306893726e-05,-3.2676550306893726e-05,3.2676550306893726e-05
ceramic,0.0,-3.0946800906774344e-05,-3.0946800906774344e-05,3.0946800906774344e-05
powdered-biomass,0.0,3.079181825936834e-05,3.079181825936834e-05,3.079181825936834e-05
molten-stainless-steel,0.0,-3.0459303212196495e-05,-3.0459303212196495e-05,3.0459303212196495e-05
brake-mk03,0.0,3.0248955300490862e-05,3.0248955300490862e-05,3.0248955300490862e-05
lithium-niobate-nano,0.0,-2.996747297980677e-05,-2.996747297980677e-05,2.996747297980677e-05
ethylene-canister,0.0,-2.8872430004288352e-05,-2.8872430004288352e-05,2.8872430004288352e-05
nanofibrils,0.0,2.8611098643570604e-05,2.8611098643570604e-05,2.8611098643570604e-05
bioartificial-guts,0.0,2.8045880408742807e-05,2.8045880408742807e-05,2.8045880408742807e-05
mother-liquor,0.0,-2.733159084895097e-05,-2.733159084895097e-05,2.733159084895097e-05
diesel-canister,0.0,2.6939446557270458e-05,2.6939446557270458e-05,2.6939446557270458e-05
sodium-bisulfate,0.0,-2.6042967120065783e-05,-2.6042967120065783e-05,2.6042967120065783e-05
purex-u-concentrate-3,0.0,2.5575242458418077e-05,2.5575242458418077e-05,2.5575242458418077e-05
sb-silicate,0.0,-2.491954549944153e-05,-2.491954549944153e-05,2.491954549944153e-05
myoglobin,0.0,2.481498945876363e-05,2.481498945876363e-05,2.481498945876363e-05
enriched-water,0.0,2.4733985386611305e-05,2.4733985386611305e-05,2.4733985386611305e-05
sintered-chromium,0.0,-2.415951789970199e-05,-2.415951789970199e-05,2.415951789970199e-05
brake-mk01,0.0,-2.3882002784204304e-05,-2.3882002784204304e-05,2.3882002784204304e-05
biomimetic-skin,0.0,2.329277113487346e-05,2.329277113487346e-05,2.329277113487346e-05
gta,0.0,-2.0776959238174998e-05,-2.0776959238174998e-05,2.0776959238174998e-05
tin-pulp-03,0.0,-2.070430456881656e-05,-2.070430456881656e-05,2.070430456881656e-05
methanal,0.0,2.0695818752181766e-05,2.0695818752181766e-05,2.0695818752181766e-05
nichrome,0.0,2.014755421055691e-05,2.014755421055691e-05,2.014755421055691e-05
nickel-pulp-01,0.0,-2.0039826219174077e-05,-2.0039826219174077e-05,2.0039826219174077e-05
reduced-lead,0.0,-1.9794164897515934e-05,-1.9794164897515934e-05,1.9794164897515934e-05
copper-pulp-01,0.0,1.976071568116067e-05,1.976071568116067e-05,1.976071568116067e-05
capacitor2,0.0,1.955353461911491e-05,1.955353461911491e-05,1.955353461911491e-05
sb-chloride,0.0,1.8197410116759762e-05,1.8197410116759762e-05,1.8197410116759762e-05
wood,0.0,-1.8101208534959667e-05,-1.8101208534959667e-05,1.8101208534959667e-05
naphtha-canister,0.0,1.7963389484033747e-05,1.7963389484033747e-05,1.7963389484033747e-05
re-precipitate-01,0.0,1.690876869654517e-05,1.690876869654517e-05,1.690876869654517e-05
nitrogen-mustard,0.0,-1.6571070018884673e-05,-1.6571070018884673e-05,1.6571070018884673e-05
sl-01,0.0,1.654489785342811e-05,1.654489785342811e-05,1.654489785342811e-05
hot-air,0.0,-1.6071250783470693e-05,-1.6071250783470693e-05,1.6071250783470693e-05
wood-seeds,0.0,-1.5843757253076624e-05,-1.5843757253076624e-05,1.5843757253076624e-05
coal-dust,0.0,1.5806599826216627e-05,1.5806599826216627e-05,1.5806599826216627e-05
resistor2,0.0,1.5508893752028496e-05,1.5508893752028496e-05,1.5508893752028496e-05
ammonium-chloride,0.0,1.5306289817681713e-05,1.5306289817681713e-05,1.5306289817681713e-05
tholins,0.0,-1.483728289545149e-05,-1.483728289545149e-05,1.483728289545149e-05
diode,0.0,1.4734931822158322e-05,1.4734931822158322e-05,1.4734931822158322e-05
bmp,0.0,-1.4526131063305135e-05,-1.4526131063305135e-05,1.4526131063305135e-05
carbon-black,0.0,-1.4445269908426821e-05,-1.4445269908426821e-05,1.4445269908426821e-05
biobattery,0.0,1.4238090449275558e-05,1.4238090449275558e-05,1.4238090449275558e-05
copper-pulp-02,0.0,1.3882577947382986e-05,1.3882577947382986e-05,1.3882577947382986e-05
diode-core,0.0,-1.3454268847592194e-05,-1.3454268847592194e-05,1.3454268847592194e-05
boron-carbide,0.0,-1.3430077606925262e-05,-1.3430077606925262e-05,1.3430077606925262e-05
skin-caged-ulric,0.0,-1.3312285443460305e-05,-1.3312285443460305e-05,1.3312285443460305e-05
mechanical-parts-01,0.0,-1.318509562558547e-05,-1.318509562558547e-05,1.318509562558547e-05
diamagnetic-material,0.0,-1.2928172179462042e-05,-1.2928172179462042e-05,1.2928172179462042e-05
biopolymer,0.0,-1.2780305494934116e-05,-1.2780305494934116e-05,1.2780305494934116e-05
sb-hpo-pu,0.0,1.2569851760372064e-05,1.2569851760372064e-05,1.2569851760372064e-05
acrylic,0.0,1.2548346065408313e-05,1.2548346065408313e-05,1.2548346065408313e-05
nic-core,0.0,1.2438676716058622e-05,1.2438676716058622e-05,1.2438676716058622e-05
cf,0.0,-1.2024256864910729e-05,-1.2024256864910729e-05,1.2024256864910729e-05
oxalic-acid,0.0,-1.1778417404265927e-05,-1.1778417404265927e-05,1.1778417404265927e-05
moss-gen,0.0,-1.1636362425518352e-05,-1.1636362425518352e-05,1.1636362425518352e-05
lead-refined-dust,0.0,1.1615657831438243e-05,1.1615657831438243e-05,1.1615657831438243e-05
tin-rejects,0.0,1.1524633064107036e-05,1.1524633064107036e-05,1.1524633064107036e-05
phenol,0.0,-1.1171951285128922e-05,-1.1171951285128922e-05,1.1171951285128922e-05
high-grade-nickel,0.0,1.0927311404752205e-05,1.0927311404752205e-05,1.0927311404752205e-05
alag-alloy,0.0,1.0772687408610261e-05,1.0772687408610261e-05,1.0772687408610261e-05
neuroprocessor,0.0,1.0737299982203106e-05,1.0737299982203106e-05,1.0737299982203106e-05
p-dope,0.0,-1.0695062944062394e-05,-1.0695062944062394e-05,1.0695062944062394e-05
animal-eye,0.0,1.061269047645573e-05,1.061269047645573e-05,1.061269047645573e-05
coal-gas-canister,0.0,-1.0352612892293054e-05,-1.0352612892293054e-05,1.0352612892293054e-05
resilin,0.0,-1.023058573930458e-05,-1.023058573930458e-05,1.023058573930458e-05
reduced-nickel,0.0,-9.627288799099596e-06,-9.627288799099596e-06,9.627288799099596e-06
brake-mk02,0.0,-9.391180872952035e-06,-9.391180872952035e-06,9.391180872952035e-06
uranium-ore,0.0,9.321844421012512e-06,9.321844421012512e-06,9.321844421012512e-06
pcb2,0.0,-9.29280863773767e-06,-9.29280863773767e-06,9.29280863773767e-06
fiberboard,0.0,-9.081577831152508e-06,-9.081577831152508e-06,9.081577831152508e-06
coil-core,0.0,-8.653455114987877e-06,-8.653455114987877e-06,8.653455114987877e-06
high-chromite,0.0,8.50662330199088e-06,8.50662330199088e-06,8.50662330199088e-06
reduced-ti,0.0,-8.40912154930862e-06,-8.40912154930862e-06,8.40912154930862e-06
kevlar-coating,0.0,-8.397369381858272e-06,-8.397369381858272e-06,8.397369381858272e-06
zinc-nanocompound,0.0,8.33945476412498e-06,8.33945476412498e-06,8.33945476412498e-06
cocoon,0.0,-8.2737336451929e-06,-8.2737336451929e-06,8.2737336451929e-06
skin-caged-dingrits,0.0,-8.107490089634572e-06,-8.107490089634572e-06,8.107490089634572e-06
formic-acid,0.0,-7.81086780313276e-06,-7.81086780313276e-06,7.81086780313276e-06
hydraulic-system-mk01,0.0,7.807959087973245e-06,7.807959087973245e-06,7.807959087973245e-06
mechanical-parts-03,0.0,7.702914050442196e-06,7.702914050442196e-06,7.702914050442196e-06
magnetic-beads,0.0,-7.319540008471304e-06,-7.319540008471304e-06,7.319540008471304e-06
bio-container,0.0,7.097306037776581e-06,7.097306037776581e-06,7.097306037776581e-06
oleochemicals,0.0,7.096533518322777e-06,7.096533518322777e-06,7.096533518322777e-06
sodium-citrate,0.0,6.9478147466568255e-06,6.9478147466568255e-06,6.9478147466568255e-06
reduced-chromium,0.0,-6.947280808221264e-06,-6.947280808221264e-06,6.947280808221264e-06
depleted-uranium-fuel-cell,0.0,-6.527961398058221e-06,-6.527961398058221e-06,6.527961398058221e-06
lithium-carbonate,0.0,-6.470322054108004e-06,-6.470322054108004e-06,6.470322054108004e-06
silver-foam,0.0,6.140752512563652e-06,6.140752512563652e-06,6.140752512563652e-06
guts-caged-ulric,0.0,-6.060265599463534e-06,-6.060265599463534e-06,6.060265599463534e-06
creamy-latex,0.0,5.890382372105048e-06,5.890382372105048e-06,5.890382372105048e-06
powdered-ti,0.0,5.823533625879392e-06,5.823533625879392e-06,5.823533625879392e-06
re-tin,0.0,-5.694486194043834e-06,-5.694486194043834e-06,5.694486194043834e-06
high-flux-core,0.0,-5.458613716945046e-06,-5.458613716945046e-06,5.458613716945046e-06
diethylaniline,0.0,5.15716925663048e-06,5.15716925663048e-06,5.15716925663048e-06
lens,0.0,5.1359931609422464e-06,5.1359931609422464e-06,5.1359931609422464e-06
th-dust,0.0,-4.997719379532752e-06,-4.997719379532752e-06,4.997719379532752e-06
clay,0.0,4.906181246217169e-06,4.906181246217169e-06,4.906181246217169e-06
subcritical-water,0.0,4.738413804284683e-06,4.738413804284683e-06,4.738413804284683e-06
tin-pulp-02,0.0,-4.557295260939073e-06,-4.557295260939073e-06,4.557295260939073e-06
crco-alloy,0.0,-4.522860143773054e-06,-4.522860143773054e-06,4.522860143773054e-06
pressured-air,0.0,4.45483986628645e-06,4.45483986628645e-06,4.45483986628645e-06
copper-pulp-03,0.0,4.282380854053465e-06,4.282380854053465e-06,4.282380854053465e-06
pcb3,0.0,3.9445305608621025e-06,3.9445305608621025e-06,3.9445305608621025e-06
cbp,0.0,-3.8128440481526623e-06,-3.8128440481526623e-06,3.8128440481526623e-06
fur,0.0,-3.6895725769681975e-06,-3.6895725769681975e-06,3.6895725769681975e-06
agar,0.0,-3.4605764915666213e-06,-3.4605764915666213e-06,3.4605764915666213e-06
primers,0.0,-3.3755455715046033e-06,-3.3755455715046033e-06,3.3755455715046033e-06
limestone,0.0,3.015773515995055e-06,3.015773515995055e-06,3.015773515995055e-06
ammonium-sulfate,0.0,-2.6162823158867103e-06,-2.6162823158867103e-06,2.6162823158867103e-06
3-diethylaminophenol,0.0,2.580948455543232e-06,2.580948455543232e-06,2.580948455543232e-06
mechanical-parts-02,0.0,2.5788411334253116e-06,2.5788411334253116e-06,2.5788411334253116e-06
acidgas,0.0,2.474773435560962e-06,2.474773435560962e-06,2.474773435560962e-06
lead-acetate,0.0,2.361883778673157e-06,2.361883778673157e-06,2.361883778673157e-06
chimeric-proteins,0.0,-2.348392070343736e-06,-2.348392070343736e-06,2.348392070343736e-06
re-precipitate-02,0.0,-2.056897057132619e-06,-2.056897057132619e-06,2.056897057132619e-06
quartz-tube,0.0,-2.0471282301734478e-06,-2.0471282301734478e-06,2.0471282301734478e-06
copper-pulp-04,0.0,-1.8886955926539174e-06,-1.8886955926539174e-06,1.8886955926539174e-06
pressured-water,0.0,1.8634960246189613e-06,1.8634960246189613e-06,1.8634960246189613e-06
pressured-steam,0.0,1.8437651670557204e-06,1.8437651670557204e-06,1.8437651670557204e-06
bhoddos,0.0,1.7983589064288458e-06,1.7983589064288458e-06,1.7983589064288458e-06
cresylic-acid,0.0,1.613647293358824e-06,1.613647293358824e-06,1.613647293358824e-06
utility-box-mk02,0.0,-1.5685926442308513e-06,-1.5685926442308513e-06,1.5685926442308513e-06
cytostatics,0.0,-1.4694522518227978e-06,-1.4694522518227978e-06,1.4694522518227978e-06
guaiacol,0.0,1.4242466866993729e-06,1.4242466866993729e-06,1.4242466866993729e-06
gearbox-mk03,0.0,1.3298775987060786e-06,1.3298775987060786e-06,1.3298775987060786e-06
guts-caged-phagnot,0.0,1.266534007957068e-06,1.266534007957068e-06,1.266534007957068e-06
coalbed-gas-canister,0.0,-1.2134743713927156e-06,-1.2134743713927156e-06,1.2134743713927156e-06
phosphate-glass,0.0,-1.2080227902917702e-06,-1.2080227902917702e-06,1.2080227902917702e-06
electronics-mk02,0.0,1.1367996197453124e-06,1.1367996197453124e-06,1.1367996197453124e-06
utility-box-mk01,0.0,-1.030236238422072e-06,-1.030236238422072e-06,1.030236238422072e-06
coarse,0.0,1.0134262162985576e-06,1.0134262162985576e-06,1.0134262162985576e-06
arthurian-egg,0.0,-8.834384934911117e-07,-8.834384934911117e-07,8.834384934911117e-07
dna-polymerase,0.0,-8.710690615527145e-07,-8.710690615527145e-07,8.710690615527145e-07
alien-sample-02,0.0,8.223794404862974e-07,8.223794404862974e-07,8.223794404862974e-07
gearbox-mk02,0.0,-7.219476108985292e-07,-7.219476108985292e-07,7.219476108985292e-07
vacuum,0.0,6.760700893910899e-07,6.760700893910899e-07,6.760700893910899e-07
condensates-canister,0.0,6.472579234607966e-07,6.472579234607966e-07,6.472579234607966e-07
bhoddos-spore,0.0,5.064309730587378e-07,5.064309730587378e-07,5.064309730587378e-07
fiberglass,0.0,4.3462694547361096e-07,4.3462694547361096e-07,4.3462694547361096e-07
enediyne,0.0,4.1548716558151703e-07,4.1548716558151703e-07,4.1548716558151703e-07
vitreloy,0.0,4.0235633502710215e-07,4.0235633502710215e-07,4.0235633502710215e-07
pu-238,0.0,3.5805839719295567e-07,3.5805839719295567e-07,3.5805839719295567e-07
utility-box-mk03,0.0,-3.4216997014834617e-07,-3.4216997014834617e-07,3.4216997014834617e-07
electronics-mk03,0.0,-2.462416604689116e-07,-2.462416604689116e-07,2.462416604689116e-07
iron-nanoparticles,0.0,-2.2933745094641975e-07,-2.2933745094641975e-07,2.2933745094641975e-07
stator,0.0,-2.131957767994338e-07,-2.131957767994338e-07,2.131957767994338e-07
pdms-graphene,0.0,-2.081458819102613e-07,-2.081458819102613e-07,2.081458819102613e-07
seaweed,0.0,-2.0033048531128054e-07,-2.0033048531128054e-07,2.0033048531128054e-07
zinc-finger-proteins,0.0,-1.8669953381633226e-07,-1.8669953381633226e-07,1.8669953381633226e-07
ore-titanium,0.0,1.3924414348810699e-07,1.3924414348810699e-07,1.3924414348810699e-07
